{"packages":[],"notify-batch":"https:\/\/packagist.org\/downloads\/","providers-url":"\/p\/%package%$%hash%.json","metadata-url":"\/p2\/%package%.json","metadata-changes-url":"https:\/\/packagist.org\/metadata\/changes.json","search":"https:\/\/packagist.org\/search.json?q=%query%&type=%type%","list":"https:\/\/packagist.org\/packages\/list.json","security-advisories":{"metadata":true,"api-url":"https:\/\/packagist.org\/api\/security-advisories\/","query-all":true},"providers-api":"https:\/\/packagist.org\/providers\/%package%.json","warning":"Support for Composer 1 is deprecated and some packages will not be available. You should upgrade to Composer 2. See https:\/\/blog.packagist.com\/deprecating-composer-1-support\/","warning-versions":"<1.99","info":"\u001b[37;44m#StandWith\u001b[30;43mUkraine\u001b[0m","provider-includes":{"p\/provider-2013$%hash%.json":{"sha256":"c168a2c911f7901248d4ce05c6d5997c5b2541e58ec62f5cc2dce0604f4d9ac1"},"p\/provider-2014$%hash%.json":{"sha256":"c54005199ee9f15d6aafa61a28825cfe7b3595a92d8521c81112b4b1aa50bdb2"},"p\/provider-2015$%hash%.json":{"sha256":"a294def6544321b7724233d4438ab56c7d52e323d35ab88f4ad57b01464b7b69"},"p\/provider-2016$%hash%.json":{"sha256":"06d2e5234f52a7914c2953cf1615b57c0211bf755fa9db2e35eb3bb9133527ce"},"p\/provider-2017$%hash%.json":{"sha256":"a86ece070c9c7de9aeb469accf547bcbf658cb1dadc18eda8ea2f40ee5108501"},"p\/provider-2018$%hash%.json":{"sha256":"2163614f5168a843703a9c5a70444055289c87d45c1b6b3b74096a2017b25843"},"p\/provider-2019$%hash%.json":{"sha256":"bbd6b5a57bdfeda7addce593435dc3bf8628c2410546070aed1b014b888740e5"},"p\/provider-2020$%hash%.json":{"sha256":"7148818c3d3da975f406f1653562947bf755cd5d9ee9d3a579494ac464924aa6"},"p\/provider-2021$%hash%.json":{"sha256":"181a32a8a0d9aa773d7c08c78a793d244d92c03b526b464f6db322fde3e601d1"},"p\/provider-2021-10$%hash%.json":{"sha256":"da07199b670e4446dc3e842686f8b52621776b3a43310d54a9b1f7c4fca2e0c8"},"p\/provider-2022-01$%hash%.json":{"sha256":"c1a209a9f4705d985f8ecf1af8baa3bc08f9196832d82388cb37474a2bd2157e"},"p\/provider-2022-04$%hash%.json":{"sha256":"b1e54886e5e32bc23d4e534c39c5d7de77800dcf58c865be554a4f36abd1b981"},"p\/provider-2022-07$%hash%.json":{"sha256":"897b8f4466c466a48fe0c89e6db567d5af246ba13e85a322a55fc42895f1b54d"},"p\/provider-archived$%hash%.json":{"sha256":"b5826498f79b71b96c22abd7b06e3dbc27a39fbbcb239fd1038c883c631b0d20"},"p\/provider-latest$%hash%.json":{"sha256":"faf8056dccbb44fb4db81ca09632cba2c40b54ad337b20e4de7aa77505d892bd"}},"last-modified":"Wed, 14 Sep 2022 00:47:42 GMT"}