{"minified":"composer/2.0","packages":{"codeception/module-phpbrowser":[{"name":"codeception/module-phpbrowser","description":"Codeception module for testing web application over HTTP","keywords":["http","codeception","functional-testing"],"homepage":"https://codeception.com/","version":"3.0.0","version_normalized":"3.0.0.0","license":["MIT"],"authors":[{"name":"Michael Bodnarchuk"},{"name":"Gintautas Miselis"}],"source":{"url":"https://github.com/Codeception/module-phpbrowser.git","type":"git","reference":"8e1fdcc85e182e6b61399b35a35a562862c3be62"},"dist":{"url":"https://api.github.com/repos/Codeception/module-phpbrowser/zipball/8e1fdcc85e182e6b61399b35a35a562862c3be62","type":"zip","shasum":"","reference":"8e1fdcc85e182e6b61399b35a35a562862c3be62"},"type":"library","time":"2022-02-19T18:22:27+00:00","autoload":{"classmap":["src/"]},"require":{"php":"^8.0","ext-json":"*","codeception/codeception":"*@dev","codeception/lib-innerbrowser":"*@dev","guzzlehttp/guzzle":"^7.4","symfony/browser-kit":"^5.4 || ^6.0"},"require-dev":{"ext-curl":"*","aws/aws-sdk-php":"^3.199","codeception/module-rest":"^2.0 || *@dev"},"suggest":{"codeception/phpbuiltinserver":"Start and stop PHP built-in web server for your tests"},"conflict":{"codeception/codeception":"<5.0","codeception/lib-innerbrowser":"<3.0"},"support":{"issues":"https://github.com/Codeception/module-phpbrowser/issues","source":"https://github.com/Codeception/module-phpbrowser/tree/3.0.0"}},{"version":"2.5.0","version_normalized":"2.5.0.0","source":{"url":"https://github.com/Codeception/module-phpbrowser.git","type":"git","reference":"d3cad5e2fc2de451c710311babcafeeba0e792f2"},"dist":{"url":"https://api.github.com/repos/Codeception/module-phpbrowser/zipball/d3cad5e2fc2de451c710311babcafeeba0e792f2","type":"zip","shasum":"","reference":"d3cad5e2fc2de451c710311babcafeeba0e792f2"},"time":"2022-02-19T18:50:48+00:00","require":{"php":"^8.0","ext-json":"*","codeception/codeception":"*@dev","codeception/lib-innerbrowser":"*@dev","guzzlehttp/guzzle":"^7.4","symfony/browser-kit":"^4.4"},"support":{"issues":"https://github.com/Codeception/module-phpbrowser/issues","source":"https://github.com/Codeception/module-phpbrowser/tree/2.5.0"}},{"version":"2.0.3","version_normalized":"2.0.3.0","source":{"url":"https://github.com/Codeception/module-phpbrowser.git","type":"git","reference":"21338dc28ac82a63344224cc765a8ff2964b4a84"},"dist":{"url":"https://api.github.com/repos/Codeception/module-phpbrowser/zipball/21338dc28ac82a63344224cc765a8ff2964b4a84","type":"zip","shasum":"","reference":"21338dc28ac82a63344224cc765a8ff2964b4a84"},"time":"2022-05-21T13:48:15+00:00","require":{"php":"^7.4 | ^8.0","ext-json":"*","guzzlehttp/guzzle":"^7.4","codeception/lib-innerbrowser":"^2.0","codeception/codeception":"^4.1"},"require-dev":{"ext-curl":"*","aws/aws-sdk-php":"^3.199","codeception/module-rest":"^2.0"},"conflict":{"codeception/codeception":"<4.1"},"support":{"issues":"https://github.com/Codeception/module-phpbrowser/issues","source":"https://github.com/Codeception/module-phpbrowser/tree/2.0.3"}},{"version":"2.0.2","version_normalized":"2.0.2.0","source":{"url":"https://github.com/Codeception/module-phpbrowser.git","type":"git","reference":"fda6d97253d0595843adb87ec0b9b7d6d89539ac"},"dist":{"url":"https://api.github.com/repos/Codeception/module-phpbrowser/zipball/fda6d97253d0595843adb87ec0b9b7d6d89539ac","type":"zip","shasum":"","reference":"fda6d97253d0595843adb87ec0b9b7d6d89539ac"},"time":"2021-12-21T15:16:28+00:00","require":{"php":"^7.4 | ^8.0","ext-json":"*","guzzlehttp/guzzle":"^7.4","codeception/lib-innerbrowser":"^2.0 | *@dev","codeception/codeception":"^4.1 | *@dev"},"require-dev":{"ext-curl":"*","aws/aws-sdk-php":"^3.199","codeception/module-rest":"^2.0 | *@dev"},"support":{"issues":"https://github.com/Codeception/module-phpbrowser/issues","source":"https://github.com/Codeception/module-phpbrowser/tree/2.0.2"}},{"version":"2.0.1","version_normalized":"2.0.1.0","source":{"url":"https://github.com/Codeception/module-phpbrowser.git","type":"git","reference":"d66924f343032a480fde1264b606c3357d2ed0d2"},"dist":{"url":"https://api.github.com/repos/Codeception/module-phpbrowser/zipball/d66924f343032a480fde1264b606c3357d2ed0d2","type":"zip","shasum":"","reference":"d66924f343032a480fde1264b606c3357d2ed0d2"},"time":"2021-12-18T14:13:57+00:00","support":{"issues":"https://github.com/Codeception/module-phpbrowser/issues","source":"https://github.com/Codeception/module-phpbrowser/tree/2.0.1"}},{"version":"2.0.0","version_normalized":"2.0.0.0","source":{"url":"https://github.com/Codeception/module-phpbrowser.git","type":"git","reference":"955440661c41985962f5b7f68ab5b532d966768c"},"dist":{"url":"https://api.github.com/repos/Codeception/module-phpbrowser/zipball/955440661c41985962f5b7f68ab5b532d966768c","type":"zip","shasum":"","reference":"955440661c41985962f5b7f68ab5b532d966768c"},"time":"2021-12-05T05:30:09+00:00","require":{"php":"^7.4 | ^8.0","ext-json":"*","guzzlehttp/guzzle":"^7.3","codeception/lib-innerbrowser":"^1.5 | *@dev","codeception/codeception":"^4.0 | *@dev"},"require-dev":{"ext-curl":"*","aws/aws-sdk-php":"^3.199","codeception/module-rest":"^1.3 | *@dev"},"conflict":{"codeception/codeception":"<4.0"},"support":{"issues":"https://github.com/Codeception/module-phpbrowser/issues","source":"https://github.com/Codeception/module-phpbrowser/tree/2.0.0"}},{"homepage":"http://codeception.com/","version":"1.0.3","version_normalized":"1.0.3.0","source":{"url":"https://github.com/Codeception/module-phpbrowser.git","type":"git","reference":"8ba6bede11d0914e74d98691f427fd8f397f192e"},"dist":{"url":"https://api.github.com/repos/Codeception/module-phpbrowser/zipball/8ba6bede11d0914e74d98691f427fd8f397f192e","type":"zip","shasum":"","reference":"8ba6bede11d0914e74d98691f427fd8f397f192e"},"time":"2022-05-21T13:50:41+00:00","require":{"php":">=5.6.0 <9.0","guzzlehttp/guzzle":"^6.3|^7.0","codeception/lib-innerbrowser":"^1.3","codeception/codeception":"^4.1"},"require-dev":{"codeception/module-rest":"^1.0"},"support":{"issues":"https://github.com/Codeception/module-phpbrowser/issues","source":"https://github.com/Codeception/module-phpbrowser/tree/1.0.3"}},{"version":"1.0.2","version_normalized":"1.0.2.0","source":{"url":"https://github.com/Codeception/module-phpbrowser.git","type":"git","reference":"770a6be4160a5c0c08d100dd51bff35f6056bbf1"},"dist":{"url":"https://api.github.com/repos/Codeception/module-phpbrowser/zipball/770a6be4160a5c0c08d100dd51bff35f6056bbf1","type":"zip","shasum":"","reference":"770a6be4160a5c0c08d100dd51bff35f6056bbf1"},"time":"2020-10-24T15:29:28+00:00","require":{"php":">=5.6.0 <9.0","guzzlehttp/guzzle":"^6.3|^7.0","codeception/lib-innerbrowser":"^1.3","codeception/codeception":"^4.0"},"support":{"issues":"https://github.com/Codeception/module-phpbrowser/issues","source":"https://github.com/Codeception/module-phpbrowser/tree/1.0.2"}},{"version":"1.0.1","version_normalized":"1.0.1.0","source":{"url":"https://github.com/Codeception/module-phpbrowser.git","type":"git","reference":"c1962657504a2a476b8dbd1f1ee05e0c912e5645"},"dist":{"url":"https://api.github.com/repos/Codeception/module-phpbrowser/zipball/c1962657504a2a476b8dbd1f1ee05e0c912e5645","type":"zip","shasum":"","reference":"c1962657504a2a476b8dbd1f1ee05e0c912e5645"},"time":"2020-07-05T15:29:32+00:00","require":{"php":">=5.6.0 <8.0","guzzlehttp/guzzle":"^6.3.0|^7.0.0","codeception/lib-innerbrowser":"^1.3.2","codeception/codeception":"*@dev"},"require-dev":{"codeception/util-robohelpers":"dev-master","codeception/module-rest":"dev-master | ^1.0"},"support":{"issues":"https://github.com/Codeception/module-phpbrowser/issues","source":"https://github.com/Codeception/module-phpbrowser/tree/master"}},{"version":"1.0.0","version_normalized":"1.0.0.0","source":{"url":"https://github.com/Codeception/module-phpbrowser.git","type":"git","reference":"fbf585c8562e4e4875f351f5392bcb2b1a633cbe"},"dist":{"url":"https://api.github.com/repos/Codeception/module-phpbrowser/zipball/fbf585c8562e4e4875f351f5392bcb2b1a633cbe","type":"zip","shasum":"","reference":"fbf585c8562e4e4875f351f5392bcb2b1a633cbe"},"time":"2019-10-10T14:25:59+00:00","require":{"php":">=5.6.0 <8.0","guzzlehttp/guzzle":"^6.3.0","codeception/lib-innerbrowser":"^1.0","codeception/codeception":"4.0.x-dev | ^4.0"},"conflict":"__unset"}]},"security-advisories":[],"last-modified":"Sat, 06 Aug 2022 13:44:18 GMT"}