{"minified":"composer/2.0","packages":{"codeception/module-webdriver":[{"name":"codeception/module-webdriver","description":"WebDriver module for Codeception","keywords":["codeception","acceptance-testing","browser-testing"],"homepage":"https://codeception.com/","version":"3.1.3","version_normalized":"3.1.3.0","license":["MIT"],"authors":[{"name":"Michael Bodnarchuk"},{"name":"Gintautas Miselis"},{"name":"Zaahid Bateson"}],"source":{"url":"https://github.com/Codeception/module-webdriver.git","type":"git","reference":"7472027411d4edd236e04c3bde00950a486bbf26"},"dist":{"url":"https://api.github.com/repos/Codeception/module-webdriver/zipball/7472027411d4edd236e04c3bde00950a486bbf26","type":"zip","shasum":"","reference":"7472027411d4edd236e04c3bde00950a486bbf26"},"type":"library","time":"2022-09-11T12:33:19+00:00","autoload":{"classmap":["src/"]},"require":{"php":"^8.0","ext-json":"*","ext-mbstring":"*","codeception/codeception":"^5.0.0-RC2","codeception/lib-web":"^1.0.1","codeception/stub":"^4.0","php-webdriver/webdriver":"^1.8.0"},"suggest":{"codeception/phpbuiltinserver":"Start and stop PHP built-in web server for your tests"},"support":{"issues":"https://github.com/Codeception/module-webdriver/issues","source":"https://github.com/Codeception/module-webdriver/tree/3.1.3"}},{"version":"3.1.2","version_normalized":"3.1.2.0","source":{"url":"https://github.com/Codeception/module-webdriver.git","type":"git","reference":"1c2680b9f6584bb0413c56087eb0613e7b61afb0"},"dist":{"url":"https://api.github.com/repos/Codeception/module-webdriver/zipball/1c2680b9f6584bb0413c56087eb0613e7b61afb0","type":"zip","shasum":"","reference":"1c2680b9f6584bb0413c56087eb0613e7b61afb0"},"time":"2022-07-27T09:09:02+00:00","support":{"issues":"https://github.com/Codeception/module-webdriver/issues","source":"https://github.com/Codeception/module-webdriver/tree/3.1.2"}},{"version":"3.1.1","version_normalized":"3.1.1.0","source":{"url":"https://github.com/Codeception/module-webdriver.git","type":"git","reference":"54cbd32d2312f7d050d9482f71a00bfef3c8fcde"},"dist":{"url":"https://api.github.com/repos/Codeception/module-webdriver/zipball/54cbd32d2312f7d050d9482f71a00bfef3c8fcde","type":"zip","shasum":"","reference":"54cbd32d2312f7d050d9482f71a00bfef3c8fcde"},"time":"2022-04-09T08:22:33+00:00","support":{"issues":"https://github.com/Codeception/module-webdriver/issues","source":"https://github.com/Codeception/module-webdriver/tree/3.1.1"}},{"version":"3.1.0","version_normalized":"3.1.0.0","source":{"url":"https://github.com/Codeception/module-webdriver.git","type":"git","reference":"92141f178e0fd28d22937d932d28135e4b4d7971"},"dist":{"url":"https://api.github.com/repos/Codeception/module-webdriver/zipball/92141f178e0fd28d22937d932d28135e4b4d7971","type":"zip","shasum":"","reference":"92141f178e0fd28d22937d932d28135e4b4d7971"},"time":"2022-03-11T16:57:55+00:00","require":{"php":"^8.0","ext-json":"*","ext-mbstring":"*","codeception/stub":"^4.0","php-webdriver/webdriver":"^1.8.0","codeception/codeception":"^5.0.0-alpha3","codeception/lib-web":"^1.0"},"support":{"issues":"https://github.com/Codeception/module-webdriver/issues","source":"https://github.com/Codeception/module-webdriver/tree/3.1.0"}},{"version":"3.0.0","version_normalized":"3.0.0.0","source":{"url":"https://github.com/Codeception/module-webdriver.git","type":"git","reference":"3d81a96542f1d897beaf941965364e8a69148202"},"dist":{"url":"https://api.github.com/repos/Codeception/module-webdriver/zipball/3d81a96542f1d897beaf941965364e8a69148202","type":"zip","shasum":"","reference":"3d81a96542f1d897beaf941965364e8a69148202"},"time":"2022-02-20T16:19:26+00:00","require":{"php":"^8.0","ext-json":"*","ext-mbstring":"*","codeception/codeception":"^5.0.0-alpha2","codeception/stub":"^4.0","php-webdriver/webdriver":"^1.8.0"},"support":{"issues":"https://github.com/Codeception/module-webdriver/issues","source":"https://github.com/Codeception/module-webdriver/tree/3.0.0"}},{"version":"2.0.4","version_normalized":"2.0.4.0","source":{"url":"https://github.com/Codeception/module-webdriver.git","type":"git","reference":"8f555fa9037ac0f8dae62b2d6ced5cee31811b28"},"dist":{"url":"https://api.github.com/repos/Codeception/module-webdriver/zipball/8f555fa9037ac0f8dae62b2d6ced5cee31811b28","type":"zip","shasum":"","reference":"8f555fa9037ac0f8dae62b2d6ced5cee31811b28"},"time":"2022-09-12T05:08:38+00:00","require":{"php":"^7.4 | ^8.0","ext-json":"*","ext-mbstring":"*","codeception/codeception":"^4.0","php-webdriver/webdriver":"^1.8.0"},"support":{"issues":"https://github.com/Codeception/module-webdriver/issues","source":"https://github.com/Codeception/module-webdriver/tree/2.0.4"}},{"version":"2.0.3","version_normalized":"2.0.3.0","source":{"url":"https://github.com/Codeception/module-webdriver.git","type":"git","reference":"e0aa26cad9b2786f2c29acac3f3a71ac5c5d0d23"},"dist":{"url":"https://api.github.com/repos/Codeception/module-webdriver/zipball/e0aa26cad9b2786f2c29acac3f3a71ac5c5d0d23","type":"zip","shasum":"","reference":"e0aa26cad9b2786f2c29acac3f3a71ac5c5d0d23"},"time":"2022-07-27T09:06:49+00:00","support":{"issues":"https://github.com/Codeception/module-webdriver/issues","source":"https://github.com/Codeception/module-webdriver/tree/2.0.3"}},{"version":"2.0.2","version_normalized":"2.0.2.0","source":{"url":"https://github.com/Codeception/module-webdriver.git","type":"git","reference":"57e2d8314ee757d1ff8e909afad422402e05f616"},"dist":{"url":"https://api.github.com/repos/Codeception/module-webdriver/zipball/57e2d8314ee757d1ff8e909afad422402e05f616","type":"zip","shasum":"","reference":"57e2d8314ee757d1ff8e909afad422402e05f616"},"time":"2022-01-23T11:24:42+00:00","support":{"issues":"https://github.com/Codeception/module-webdriver/issues","source":"https://github.com/Codeception/module-webdriver/tree/2.0.2"}},{"version":"2.0.1","version_normalized":"2.0.1.0","source":{"url":"https://github.com/Codeception/module-webdriver.git","type":"git","reference":"dbfb2621486401d9c70bd609b3d75a863d092b95"},"dist":{"url":"https://api.github.com/repos/Codeception/module-webdriver/zipball/dbfb2621486401d9c70bd609b3d75a863d092b95","type":"zip","shasum":"","reference":"dbfb2621486401d9c70bd609b3d75a863d092b95"},"time":"2021-12-29T16:43:36+00:00","support":{"issues":"https://github.com/Codeception/module-webdriver/issues","source":"https://github.com/Codeception/module-webdriver/tree/2.0.1"}},{"version":"2.0.0","version_normalized":"2.0.0.0","source":{"url":"https://github.com/Codeception/module-webdriver.git","type":"git","reference":"085c55430c5e17c1b710ecdc9bd22e175dffed4b"},"dist":{"url":"https://api.github.com/repos/Codeception/module-webdriver/zipball/085c55430c5e17c1b710ecdc9bd22e175dffed4b","type":"zip","shasum":"","reference":"085c55430c5e17c1b710ecdc9bd22e175dffed4b"},"time":"2021-11-30T02:48:27+00:00","support":{"issues":"https://github.com/Codeception/module-webdriver/issues","source":"https://github.com/Codeception/module-webdriver/tree/2.0.0"}},{"homepage":"http://codeception.com/","version":"1.4.1","version_normalized":"1.4.1.0","source":{"url":"https://github.com/Codeception/module-webdriver.git","type":"git","reference":"e22ac7da756df659df6dd4fac2dff9c859e30131"},"dist":{"url":"https://api.github.com/repos/Codeception/module-webdriver/zipball/e22ac7da756df659df6dd4fac2dff9c859e30131","type":"zip","shasum":"","reference":"e22ac7da756df659df6dd4fac2dff9c859e30131"},"time":"2022-09-12T05:09:51+00:00","require":{"php":">=5.6.0 <9.0","codeception/codeception":"^4.0","php-webdriver/webdriver":"^1.8.0"},"support":{"issues":"https://github.com/Codeception/module-webdriver/issues","source":"https://github.com/Codeception/module-webdriver/tree/1.4.1"}},{"version":"1.4.0","version_normalized":"1.4.0.0","source":{"url":"https://github.com/Codeception/module-webdriver.git","type":"git","reference":"baa18b7bf70aa024012f967b5ce5021e1faa9151"},"dist":{"url":"https://api.github.com/repos/Codeception/module-webdriver/zipball/baa18b7bf70aa024012f967b5ce5021e1faa9151","type":"zip","shasum":"","reference":"baa18b7bf70aa024012f967b5ce5021e1faa9151"},"time":"2021-09-02T12:01:02+00:00","support":{"issues":"https://github.com/Codeception/module-webdriver/issues","source":"https://github.com/Codeception/module-webdriver/tree/1.4.0"}},{"version":"1.3.0","version_normalized":"1.3.0.0","source":{"url":"https://github.com/Codeception/module-webdriver.git","type":"git","reference":"0b043cedebdb62d6706d9823f1c17bd0f26d831d"},"dist":{"url":"https://api.github.com/repos/Codeception/module-webdriver/zipball/0b043cedebdb62d6706d9823f1c17bd0f26d831d","type":"zip","shasum":"","reference":"0b043cedebdb62d6706d9823f1c17bd0f26d831d"},"time":"2021-08-22T07:21:13+00:00","support":{"issues":"https://github.com/Codeception/module-webdriver/issues","source":"https://github.com/Codeception/module-webdriver/tree/1.3.0"}},{"version":"1.2.2","version_normalized":"1.2.2.0","source":{"url":"https://github.com/Codeception/module-webdriver.git","type":"git","reference":"fdf7051a8ba7b69f1f5bb1a85e2d7eab84775a3e"},"dist":{"url":"https://api.github.com/repos/Codeception/module-webdriver/zipball/fdf7051a8ba7b69f1f5bb1a85e2d7eab84775a3e","type":"zip","shasum":"","reference":"fdf7051a8ba7b69f1f5bb1a85e2d7eab84775a3e"},"time":"2021-08-19T11:04:22+00:00","support":{"issues":"https://github.com/Codeception/module-webdriver/issues","source":"https://github.com/Codeception/module-webdriver/tree/1.2.2"}},{"version":"1.2.1","version_normalized":"1.2.1.0","source":{"url":"https://github.com/Codeception/module-webdriver.git","type":"git","reference":"ebbe729c630415e8caf6b0087e457906f0c6c0c6"},"dist":{"url":"https://api.github.com/repos/Codeception/module-webdriver/zipball/ebbe729c630415e8caf6b0087e457906f0c6c0c6","type":"zip","shasum":"","reference":"ebbe729c630415e8caf6b0087e457906f0c6c0c6"},"time":"2021-04-23T17:30:57+00:00","support":{"issues":"https://github.com/Codeception/module-webdriver/issues","source":"https://github.com/Codeception/module-webdriver/tree/1.2.1"}},{"version":"1.2.0","version_normalized":"1.2.0.0","source":{"url":"https://github.com/Codeception/module-webdriver.git","type":"git","reference":"63ea08880a44df809bdfbca08597e1b68cee9f87"},"dist":{"url":"https://api.github.com/repos/Codeception/module-webdriver/zipball/63ea08880a44df809bdfbca08597e1b68cee9f87","type":"zip","shasum":"","reference":"63ea08880a44df809bdfbca08597e1b68cee9f87"},"time":"2021-01-17T19:23:20+00:00","support":{"issues":"https://github.com/Codeception/module-webdriver/issues","source":"https://github.com/Codeception/module-webdriver/tree/1.2.0"}},{"version":"1.1.4","version_normalized":"1.1.4.0","source":{"url":"https://github.com/Codeception/module-webdriver.git","type":"git","reference":"f719edc1eca033e0dc5fd8d99db122070b1fb933"},"dist":{"url":"https://api.github.com/repos/Codeception/module-webdriver/zipball/f719edc1eca033e0dc5fd8d99db122070b1fb933","type":"zip","shasum":"","reference":"f719edc1eca033e0dc5fd8d99db122070b1fb933"},"time":"2020-11-16T06:50:15+00:00","require":{"php":">=5.6.0 <9.0","codeception/codeception":"^4.0","php-webdriver/webdriver":"^1.6.0"},"support":{"issues":"https://github.com/Codeception/module-webdriver/issues","source":"https://github.com/Codeception/module-webdriver/tree/1.1.4"}},{"version":"1.1.3","version_normalized":"1.1.3.0","source":{"url":"https://github.com/Codeception/module-webdriver.git","type":"git","reference":"b7dc227f91730e7abb520439decc9ad0677b8a55"},"dist":{"url":"https://api.github.com/repos/Codeception/module-webdriver/zipball/b7dc227f91730e7abb520439decc9ad0677b8a55","type":"zip","shasum":"","reference":"b7dc227f91730e7abb520439decc9ad0677b8a55"},"time":"2020-10-24T15:41:19+00:00","support":{"issues":"https://github.com/Codeception/module-webdriver/issues","source":"https://github.com/Codeception/module-webdriver/tree/1.1.3"}},{"version":"1.1.2","version_normalized":"1.1.2.0","source":{"url":"https://github.com/Codeception/module-webdriver.git","type":"git","reference":"d055c645f600e991e33d1f289a9645eee46c384e"},"dist":{"url":"https://api.github.com/repos/Codeception/module-webdriver/zipball/d055c645f600e991e33d1f289a9645eee46c384e","type":"zip","shasum":"","reference":"d055c645f600e991e33d1f289a9645eee46c384e"},"time":"2020-10-11T18:54:47+00:00","require":{"php":">=5.6.0 <8.0","codeception/codeception":"^4.0","php-webdriver/webdriver":"^1.6.0"},"require-dev":{"codeception/util-robohelpers":"dev-master"},"support":{"issues":"https://github.com/Codeception/module-webdriver/issues","source":"https://github.com/Codeception/module-webdriver/tree/1.1.2"}},{"version":"1.1.1","version_normalized":"1.1.1.0","source":{"url":"https://github.com/Codeception/module-webdriver.git","type":"git","reference":"237c6cb42d3e914f011d0419e966cbe0cb5d82c6"},"dist":{"url":"https://api.github.com/repos/Codeception/module-webdriver/zipball/237c6cb42d3e914f011d0419e966cbe0cb5d82c6","type":"zip","shasum":"","reference":"237c6cb42d3e914f011d0419e966cbe0cb5d82c6"},"time":"2020-08-06T07:39:31+00:00","support":{"issues":"https://github.com/Codeception/module-webdriver/issues","source":"https://github.com/Codeception/module-webdriver/tree/1.1.1"}},{"version":"1.1.0","version_normalized":"1.1.0.0","source":{"url":"https://github.com/Codeception/module-webdriver.git","type":"git","reference":"09c167817393090ce3dbce96027d94656b1963ce"},"dist":{"url":"https://api.github.com/repos/Codeception/module-webdriver/zipball/09c167817393090ce3dbce96027d94656b1963ce","type":"zip","shasum":"","reference":"09c167817393090ce3dbce96027d94656b1963ce"},"time":"2020-05-31T08:47:24+00:00","support":{"issues":"https://github.com/Codeception/module-webdriver/issues","source":"https://github.com/Codeception/module-webdriver/tree/master"}},{"version":"1.0.8","version_normalized":"1.0.8.0","source":{"url":"https://github.com/Codeception/module-webdriver.git","type":"git","reference":"da55466876d9e73c09917f495b923395b1cdf92a"},"dist":{"url":"https://api.github.com/repos/Codeception/module-webdriver/zipball/da55466876d9e73c09917f495b923395b1cdf92a","type":"zip","shasum":"","reference":"da55466876d9e73c09917f495b923395b1cdf92a"},"time":"2020-04-29T13:45:52+00:00"},{"version":"1.0.7","version_normalized":"1.0.7.0","source":{"url":"https://github.com/Codeception/module-webdriver.git","type":"git","reference":"f05c5c25e39d10fbfb2d508779e1537df019ff9b"},"dist":{"url":"https://api.github.com/repos/Codeception/module-webdriver/zipball/f05c5c25e39d10fbfb2d508779e1537df019ff9b","type":"zip","shasum":"","reference":"f05c5c25e39d10fbfb2d508779e1537df019ff9b"},"time":"2020-04-01T10:18:18+00:00","support":{"issues":"https://github.com/Codeception/module-webdriver/issues","source":"https://github.com/Codeception/module-webdriver/tree/1.0.7"}},{"version":"1.0.6","version_normalized":"1.0.6.0","source":{"url":"https://github.com/Codeception/module-webdriver.git","type":"git","reference":"9ee54108860859b120ed4a22e50f37d33aa3a518"},"dist":{"url":"https://api.github.com/repos/Codeception/module-webdriver/zipball/9ee54108860859b120ed4a22e50f37d33aa3a518","type":"zip","shasum":"","reference":"9ee54108860859b120ed4a22e50f37d33aa3a518"},"time":"2020-03-23T17:08:27+00:00","support":{"issues":"https://github.com/Codeception/module-webdriver/issues","source":"https://github.com/Codeception/module-webdriver/tree/master"}},{"version":"1.0.5","version_normalized":"1.0.5.0","source":{"url":"https://github.com/Codeception/module-webdriver.git","type":"git","reference":"cfeadb39170aa80e6fe244de6a130453edd79fe9"},"dist":{"url":"https://api.github.com/repos/Codeception/module-webdriver/zipball/cfeadb39170aa80e6fe244de6a130453edd79fe9","type":"zip","shasum":"","reference":"cfeadb39170aa80e6fe244de6a130453edd79fe9"},"time":"2020-03-06T08:39:02+00:00","require":{"php":">=5.6.0 <8.0","codeception/codeception":"4.0.x-dev | ^4.0","php-webdriver/webdriver":"^1.6.0"},"support":{"issues":"https://github.com/Codeception/module-webdriver/issues","source":"https://github.com/Codeception/module-webdriver/tree/1.0.5"}},{"version":"1.0.4","version_normalized":"1.0.4.0","source":{"url":"https://github.com/Codeception/module-webdriver.git","type":"git","reference":"3af8c381b556709934f1ae2c59a00e56ce6a43ea"},"dist":{"url":"https://api.github.com/repos/Codeception/module-webdriver/zipball/3af8c381b556709934f1ae2c59a00e56ce6a43ea","type":"zip","shasum":"","reference":"3af8c381b556709934f1ae2c59a00e56ce6a43ea"},"time":"2020-03-04T08:06:05+00:00","support":{"issues":"https://github.com/Codeception/module-webdriver/issues","source":"https://github.com/Codeception/module-webdriver/tree/master"}},{"version":"1.0.3","version_normalized":"1.0.3.0","source":{"url":"https://github.com/Codeception/module-webdriver.git","type":"git","reference":"aa7c2d6baaaebc99fbb000386f05096dbe2c9b7f"},"dist":{"url":"https://api.github.com/repos/Codeception/module-webdriver/zipball/aa7c2d6baaaebc99fbb000386f05096dbe2c9b7f","type":"zip","shasum":"","reference":"aa7c2d6baaaebc99fbb000386f05096dbe2c9b7f"},"time":"2020-02-15T19:59:06+00:00","support":{"issues":"https://github.com/Codeception/module-webdriver/issues","source":"https://github.com/Codeception/module-webdriver/tree/1.0.3"}},{"version":"1.0.2","version_normalized":"1.0.2.0","source":{"url":"https://github.com/Codeception/module-webdriver.git","type":"git","reference":"a41fae6220cd6b1e9da1c4a0662f9ed854f60412"},"dist":{"url":"https://api.github.com/repos/Codeception/module-webdriver/zipball/a41fae6220cd6b1e9da1c4a0662f9ed854f60412","type":"zip","shasum":"","reference":"a41fae6220cd6b1e9da1c4a0662f9ed854f60412"},"time":"2020-02-04T17:23:57+00:00","support":{"issues":"https://github.com/Codeception/module-webdriver/issues","source":"https://github.com/Codeception/module-webdriver/tree/master"}},{"version":"1.0.1","version_normalized":"1.0.1.0","source":{"url":"https://github.com/Codeception/module-webdriver.git","type":"git","reference":"51f95403af8a5d29f5e5a163491f8000b012c88e"},"dist":{"url":"https://api.github.com/repos/Codeception/module-webdriver/zipball/51f95403af8a5d29f5e5a163491f8000b012c88e","type":"zip","shasum":"","reference":"51f95403af8a5d29f5e5a163491f8000b012c88e"},"time":"2020-01-20T07:57:02+00:00"},{"version":"1.0.0","version_normalized":"1.0.0.0","source":{"url":"https://github.com/Codeception/module-webdriver.git","type":"git","reference":"e1b9957966c64b2f9f6a6a53f560ceab487cfae0"},"dist":{"url":"https://api.github.com/repos/Codeception/module-webdriver/zipball/e1b9957966c64b2f9f6a6a53f560ceab487cfae0","type":"zip","shasum":"","reference":"e1b9957966c64b2f9f6a6a53f560ceab487cfae0"},"time":"2019-10-19T14:51:11+00:00","require":{"php":">=5.6.0 <8.0","codeception/codeception":"4.0.x-dev | ^4.0","facebook/webdriver":"^1.6.0"}}]},"security-advisories":[],"last-modified":"Mon, 12 Sep 2022 05:29:50 GMT"}