{"minified":"composer/2.0","packages":{"codeception/module-rest":[{"name":"codeception/module-rest","description":"REST module for Codeception","keywords":["rest","codeception"],"homepage":"https://codeception.com/","version":"3.3.0","version_normalized":"3.3.0.0","license":["MIT"],"authors":[{"name":"Gintautas Miselis"}],"source":{"url":"https://github.com/Codeception/module-rest.git","type":"git","reference":"57b35f9732bcebd744119c054fdb1b82345147a7"},"dist":{"url":"https://api.github.com/repos/Codeception/module-rest/zipball/57b35f9732bcebd744119c054fdb1b82345147a7","type":"zip","shasum":"","reference":"57b35f9732bcebd744119c054fdb1b82345147a7"},"type":"library","time":"2022-08-22T07:10:02+00:00","autoload":{"classmap":["src/"]},"require":{"php":"^8.0","ext-dom":"*","ext-json":"*","codeception/codeception":"^5.0.0-alpha2","codeception/lib-xml":"^1.0","justinrainbow/json-schema":"~5.2.9","softcreatr/jsonpath":"^0.8"},"require-dev":{"ext-libxml":"*","ext-simplexml":"*","codeception/lib-innerbrowser":"^3.0","codeception/stub":"^4.0","codeception/util-universalframework":"^1.0"},"suggest":{"aws/aws-sdk-php":"For using AWS Auth"},"conflict":{"codeception/codeception":"<5.0.0-alpha3"},"support":{"issues":"https://github.com/Codeception/module-rest/issues","source":"https://github.com/Codeception/module-rest/tree/3.3.0"}},{"version":"3.2.0","version_normalized":"3.2.0.0","source":{"url":"https://github.com/Codeception/module-rest.git","type":"git","reference":"2535889e6834bbdd3a4420152e73d40afb38cf16"},"dist":{"url":"https://api.github.com/repos/Codeception/module-rest/zipball/2535889e6834bbdd3a4420152e73d40afb38cf16","type":"zip","shasum":"","reference":"2535889e6834bbdd3a4420152e73d40afb38cf16"},"time":"2022-08-13T12:16:29+00:00","support":{"issues":"https://github.com/Codeception/module-rest/issues","source":"https://github.com/Codeception/module-rest/tree/3.2.0"}},{"version":"3.1.0","version_normalized":"3.1.0.0","source":{"url":"https://github.com/Codeception/module-rest.git","type":"git","reference":"c7f9210d3e7ce11156f92daf5eb91a631c69b3a1"},"dist":{"url":"https://api.github.com/repos/Codeception/module-rest/zipball/c7f9210d3e7ce11156f92daf5eb91a631c69b3a1","type":"zip","shasum":"","reference":"c7f9210d3e7ce11156f92daf5eb91a631c69b3a1"},"time":"2022-03-11T10:59:16+00:00","support":{"issues":"https://github.com/Codeception/module-rest/issues","source":"https://github.com/Codeception/module-rest/tree/3.1.0"}},{"version":"3.0.1","version_normalized":"3.0.1.0","source":{"url":"https://github.com/Codeception/module-rest.git","type":"git","reference":"a67031a295e3de01f40f9c8ddac78a0d0b7539c6"},"dist":{"url":"https://api.github.com/repos/Codeception/module-rest/zipball/a67031a295e3de01f40f9c8ddac78a0d0b7539c6","type":"zip","shasum":"","reference":"a67031a295e3de01f40f9c8ddac78a0d0b7539c6"},"time":"2022-02-20T16:31:16+00:00","require":{"php":"^8.0","ext-dom":"*","ext-json":"*","codeception/codeception":"^5.0.0-alpha2","justinrainbow/json-schema":"~5.2.9","softcreatr/jsonpath":"^0.8"},"conflict":{"codeception/codeception":"<5.0"},"support":{"issues":"https://github.com/Codeception/module-rest/issues","source":"https://github.com/Codeception/module-rest/tree/3.0.1"}},{"version":"3.0.0","version_normalized":"3.0.0.0","source":{"url":"https://github.com/Codeception/module-rest.git","type":"git","reference":"657598911ea8cbe442a242daf3a45563e6644504"},"dist":{"url":"https://api.github.com/repos/Codeception/module-rest/zipball/657598911ea8cbe442a242daf3a45563e6644504","type":"zip","shasum":"","reference":"657598911ea8cbe442a242daf3a45563e6644504"},"time":"2022-02-20T10:49:39+00:00","support":{"issues":"https://github.com/Codeception/module-rest/issues","source":"https://github.com/Codeception/module-rest/tree/3.0.0"}},{"version":"2.0.2","version_normalized":"2.0.2.0","source":{"url":"https://github.com/Codeception/module-rest.git","type":"git","reference":"9cbba128b3793779e7f4ede8c6255d72b1ea60a7"},"dist":{"url":"https://api.github.com/repos/Codeception/module-rest/zipball/9cbba128b3793779e7f4ede8c6255d72b1ea60a7","type":"zip","shasum":"","reference":"9cbba128b3793779e7f4ede8c6255d72b1ea60a7"},"time":"2022-03-30T05:42:11+00:00","require":{"php":"^7.4 | ^8.0","ext-dom":"*","ext-json":"*","codeception/codeception":"^4.1","justinrainbow/json-schema":"~5.2.9","softcreatr/jsonpath":"^0.5 | ^0.7"},"require-dev":{"codeception/stub":"^4.0","codeception/util-universalframework":"^1.0","codeception/lib-innerbrowser":"^2.0"},"support":{"issues":"https://github.com/Codeception/module-rest/issues","source":"https://github.com/Codeception/module-rest/tree/2.0.2"},"conflict":"__unset"},{"version":"2.0.1","version_normalized":"2.0.1.0","source":{"url":"https://github.com/Codeception/module-rest.git","type":"git","reference":"0f4f48b894735e91132aa23cb8fe868289dae7ca"},"dist":{"url":"https://api.github.com/repos/Codeception/module-rest/zipball/0f4f48b894735e91132aa23cb8fe868289dae7ca","type":"zip","shasum":"","reference":"0f4f48b894735e91132aa23cb8fe868289dae7ca"},"time":"2021-12-24T14:29:48+00:00","support":{"issues":"https://github.com/Codeception/module-rest/issues","source":"https://github.com/Codeception/module-rest/tree/2.0.1"}},{"version":"2.0.0","version_normalized":"2.0.0.0","source":{"url":"https://github.com/Codeception/module-rest.git","type":"git","reference":"da2666b9097f2a3951e56cb478bc6625a7f71fbb"},"dist":{"url":"https://api.github.com/repos/Codeception/module-rest/zipball/da2666b9097f2a3951e56cb478bc6625a7f71fbb","type":"zip","shasum":"","reference":"da2666b9097f2a3951e56cb478bc6625a7f71fbb"},"time":"2021-12-04T13:32:41+00:00","require":{"php":"^7.4 | ^8.0","ext-dom":"*","ext-json":"*","codeception/codeception":"^4.0","justinrainbow/json-schema":"~5.2.9","softcreatr/jsonpath":"^0.5 | ^0.7"},"require-dev":{"codeception/stub":"^3.7","codeception/util-universalframework":"^1.0","codeception/lib-innerbrowser":"^1.0"},"support":{"issues":"https://github.com/Codeception/module-rest/issues","source":"https://github.com/Codeception/module-rest/tree/2.0.0"}},{"homepage":"http://codeception.com/","version":"1.4.2","version_normalized":"1.4.2.0","source":{"url":"https://github.com/Codeception/module-rest.git","type":"git","reference":"9cd7a87fd9343494e7782f7bdb51687c25046917"},"dist":{"url":"https://api.github.com/repos/Codeception/module-rest/zipball/9cd7a87fd9343494e7782f7bdb51687c25046917","type":"zip","shasum":"","reference":"9cd7a87fd9343494e7782f7bdb51687c25046917"},"time":"2021-11-18T18:58:15+00:00","require":{"php":">=5.6.6 <9.0","softcreatr/jsonpath":"^0.5 || ^0.7","codeception/codeception":"^4.0","justinrainbow/json-schema":"~5.2.9"},"require-dev":{"codeception/util-universalframework":"^1.0","codeception/lib-innerbrowser":"^1.0"},"support":{"issues":"https://github.com/Codeception/module-rest/issues","source":"https://github.com/Codeception/module-rest/tree/1.4.2"}},{"version":"1.4.1","version_normalized":"1.4.1.0","source":{"url":"https://github.com/Codeception/module-rest.git","type":"git","reference":"14e638e6a66f6910ce0b8fb4cc83bb8ada680933"},"dist":{"url":"https://api.github.com/repos/Codeception/module-rest/zipball/14e638e6a66f6910ce0b8fb4cc83bb8ada680933","type":"zip","shasum":"","reference":"14e638e6a66f6910ce0b8fb4cc83bb8ada680933"},"time":"2021-11-17T12:05:51+00:00","support":{"issues":"https://github.com/Codeception/module-rest/issues","source":"https://github.com/Codeception/module-rest/tree/1.4.1"}},{"version":"1.4.0","version_normalized":"1.4.0.0","source":{"url":"https://github.com/Codeception/module-rest.git","type":"git","reference":"29aa9270fafd54943708260ceea4336331dbff66"},"dist":{"url":"https://api.github.com/repos/Codeception/module-rest/zipball/29aa9270fafd54943708260ceea4336331dbff66","type":"zip","shasum":"","reference":"29aa9270fafd54943708260ceea4336331dbff66"},"time":"2021-11-17T10:48:18+00:00","support":{"issues":"https://github.com/Codeception/module-rest/issues","source":"https://github.com/Codeception/module-rest/tree/1.4.0"}},{"version":"1.3.2","version_normalized":"1.3.2.0","source":{"url":"https://github.com/Codeception/module-rest.git","type":"git","reference":"2f35e75d4a5a7fd1fe77d7f5bd56a9123c453e3b"},"dist":{"url":"https://api.github.com/repos/Codeception/module-rest/zipball/2f35e75d4a5a7fd1fe77d7f5bd56a9123c453e3b","type":"zip","shasum":"","reference":"2f35e75d4a5a7fd1fe77d7f5bd56a9123c453e3b"},"time":"2021-10-08T09:33:46+00:00","support":{"issues":"https://github.com/Codeception/module-rest/issues","source":"https://github.com/Codeception/module-rest/tree/1.3.2"}},{"version":"1.3.1","version_normalized":"1.3.1.0","source":{"url":"https://github.com/Codeception/module-rest.git","type":"git","reference":"293a0103d5257b7c884ef276147a9a06914e878f"},"dist":{"url":"https://api.github.com/repos/Codeception/module-rest/zipball/293a0103d5257b7c884ef276147a9a06914e878f","type":"zip","shasum":"","reference":"293a0103d5257b7c884ef276147a9a06914e878f"},"time":"2021-04-23T08:12:24+00:00","require":{"php":">=5.6.0 <9.0","softcreatr/jsonpath":"^0.5 || ^0.7","codeception/codeception":"^4.0","justinrainbow/json-schema":"~5.2.9"},"support":{"issues":"https://github.com/Codeception/module-rest/issues","source":"https://github.com/Codeception/module-rest/tree/1.3.1"}},{"version":"1.3.0","version_normalized":"1.3.0.0","source":{"url":"https://github.com/Codeception/module-rest.git","type":"git","reference":"2cd9901c08a143dc80985696dcbe3cefc9f23ab9"},"dist":{"url":"https://api.github.com/repos/Codeception/module-rest/zipball/2cd9901c08a143dc80985696dcbe3cefc9f23ab9","type":"zip","shasum":"","reference":"2cd9901c08a143dc80985696dcbe3cefc9f23ab9"},"time":"2021-04-08T08:23:09+00:00","support":{"issues":"https://github.com/Codeception/module-rest/issues","source":"https://github.com/Codeception/module-rest/tree/1.3.0"}},{"version":"1.2.8","version_normalized":"1.2.8.0","source":{"url":"https://github.com/Codeception/module-rest.git","type":"git","reference":"4c8c6bd75f67a25ff91bdce0d6c135c5e7aa5e10"},"dist":{"url":"https://api.github.com/repos/Codeception/module-rest/zipball/4c8c6bd75f67a25ff91bdce0d6c135c5e7aa5e10","type":"zip","shasum":"","reference":"4c8c6bd75f67a25ff91bdce0d6c135c5e7aa5e10"},"time":"2021-03-02T06:47:59+00:00","support":{"issues":"https://github.com/Codeception/module-rest/issues","source":"https://github.com/Codeception/module-rest/tree/1.2.8"}},{"version":"1.2.7","version_normalized":"1.2.7.0","source":{"url":"https://github.com/Codeception/module-rest.git","type":"git","reference":"beeb5a91a97d042273bf10f00063e9b8f541879a"},"dist":{"url":"https://api.github.com/repos/Codeception/module-rest/zipball/beeb5a91a97d042273bf10f00063e9b8f541879a","type":"zip","shasum":"","reference":"beeb5a91a97d042273bf10f00063e9b8f541879a"},"time":"2020-11-04T16:58:11+00:00","support":{"issues":"https://github.com/Codeception/module-rest/issues","source":"https://github.com/Codeception/module-rest/tree/1.2.7"}},{"version":"1.2.6","version_normalized":"1.2.6.0","source":{"url":"https://github.com/Codeception/module-rest.git","type":"git","reference":"77cba3dc52aeac75493c7ed9ebdb2de74cfb52cf"},"dist":{"url":"https://api.github.com/repos/Codeception/module-rest/zipball/77cba3dc52aeac75493c7ed9ebdb2de74cfb52cf","type":"zip","shasum":"","reference":"77cba3dc52aeac75493c7ed9ebdb2de74cfb52cf"},"time":"2020-11-03T07:04:43+00:00","support":{"issues":"https://github.com/Codeception/module-rest/issues","source":"https://github.com/Codeception/module-rest/tree/1.2.6"}},{"version":"1.2.5","version_normalized":"1.2.5.0","source":{"url":"https://github.com/Codeception/module-rest.git","type":"git","reference":"15e16e4a9973ffaeffc39208787e60e5d8316788"},"dist":{"url":"https://api.github.com/repos/Codeception/module-rest/zipball/15e16e4a9973ffaeffc39208787e60e5d8316788","type":"zip","shasum":"","reference":"15e16e4a9973ffaeffc39208787e60e5d8316788"},"time":"2020-10-24T15:20:26+00:00","require":{"php":">=5.6.0 <9.0","flow/jsonpath":"^0.5","codeception/codeception":"^4.0","justinrainbow/json-schema":"~5.2.9"},"support":{"issues":"https://github.com/Codeception/module-rest/issues","source":"https://github.com/Codeception/module-rest/tree/1.2.5"}},{"version":"1.2.4","version_normalized":"1.2.4.0","source":{"url":"https://github.com/Codeception/module-rest.git","type":"git","reference":"308d1b7782317310018e0ea45223caada51ea89f"},"dist":{"url":"https://api.github.com/repos/Codeception/module-rest/zipball/308d1b7782317310018e0ea45223caada51ea89f","type":"zip","shasum":"","reference":"308d1b7782317310018e0ea45223caada51ea89f"},"time":"2020-10-11T18:38:50+00:00","require":{"php":">=5.6.0 <8.0","flow/jsonpath":"^0.5","codeception/codeception":"^4.0","justinrainbow/json-schema":"^5.2.9"},"require-dev":{"codeception/util-robohelpers":"dev-master","codeception/util-universalframework":"^1.0","codeception/lib-innerbrowser":"^1.0"},"support":{"issues":"https://github.com/Codeception/module-rest/issues","source":"https://github.com/Codeception/module-rest/tree/1.2.4"}},{"version":"1.2.3","version_normalized":"1.2.3.0","source":{"url":"https://github.com/Codeception/module-rest.git","type":"git","reference":"63d09a1ed9fb9bb981d22396e7c2c7d20570f217"},"dist":{"url":"https://api.github.com/repos/Codeception/module-rest/zipball/63d09a1ed9fb9bb981d22396e7c2c7d20570f217","type":"zip","shasum":"","reference":"63d09a1ed9fb9bb981d22396e7c2c7d20570f217"},"time":"2020-09-17T13:36:51+00:00","support":{"issues":"https://github.com/Codeception/module-rest/issues","source":"https://github.com/Codeception/module-rest/tree/1.2.3"}},{"version":"1.2.2","version_normalized":"1.2.2.0","source":{"url":"https://github.com/Codeception/module-rest.git","type":"git","reference":"114d640533a2a0a8369d77011fdb3fa36c2ca87f"},"dist":{"url":"https://api.github.com/repos/Codeception/module-rest/zipball/114d640533a2a0a8369d77011fdb3fa36c2ca87f","type":"zip","shasum":"","reference":"114d640533a2a0a8369d77011fdb3fa36c2ca87f"},"time":"2020-08-28T06:55:41+00:00","support":{"issues":"https://github.com/Codeception/module-rest/issues","source":"https://github.com/Codeception/module-rest/tree/master"}},{"version":"1.2.1","version_normalized":"1.2.1.0","source":{"url":"https://github.com/Codeception/module-rest.git","type":"git","reference":"3664989d35003e182631cd9f4bc055fec009f5be"},"dist":{"url":"https://api.github.com/repos/Codeception/module-rest/zipball/3664989d35003e182631cd9f4bc055fec009f5be","type":"zip","shasum":"","reference":"3664989d35003e182631cd9f4bc055fec009f5be"},"time":"2020-07-05T15:40:45+00:00","support":{"issues":"https://github.com/Codeception/module-rest/issues","source":"https://github.com/Codeception/module-rest/tree/1.2.1"}},{"version":"1.2.0","version_normalized":"1.2.0.0","source":{"url":"https://github.com/Codeception/module-rest.git","type":"git","reference":"c86417af517bb1fb5b88550455d823a7c9fc167e"},"dist":{"url":"https://api.github.com/repos/Codeception/module-rest/zipball/c86417af517bb1fb5b88550455d823a7c9fc167e","type":"zip","shasum":"","reference":"c86417af517bb1fb5b88550455d823a7c9fc167e"},"time":"2020-02-01T19:23:56+00:00","support":{"issues":"https://github.com/Codeception/module-rest/issues","source":"https://github.com/Codeception/module-rest/tree/master"}},{"version":"1.1.0","version_normalized":"1.1.0.0","source":{"url":"https://github.com/Codeception/module-rest.git","type":"git","reference":"e6ef1cc7fcc20b392ed2fb73ad809c63dc609781"},"dist":{"url":"https://api.github.com/repos/Codeception/module-rest/zipball/e6ef1cc7fcc20b392ed2fb73ad809c63dc609781","type":"zip","shasum":"","reference":"e6ef1cc7fcc20b392ed2fb73ad809c63dc609781"},"time":"2020-01-24T08:55:04+00:00","require":{"php":">=5.6.0 <8.0","flow/jsonpath":"^0.5","codeception/codeception":"^4.0"},"support":{"issues":"https://github.com/Codeception/module-rest/issues","source":"https://github.com/Codeception/module-rest/tree/1.1.0"}},{"version":"1.0.1","version_normalized":"1.0.1.0","source":{"url":"https://github.com/Codeception/module-rest.git","type":"git","reference":"a34a92b3fb04adc35da0da0a3b5f7d4155963fbc"},"dist":{"url":"https://api.github.com/repos/Codeception/module-rest/zipball/a34a92b3fb04adc35da0da0a3b5f7d4155963fbc","type":"zip","shasum":"","reference":"a34a92b3fb04adc35da0da0a3b5f7d4155963fbc"},"time":"2020-01-06T08:01:38+00:00","support":{"issues":"https://github.com/Codeception/module-rest/issues","source":"https://github.com/Codeception/module-rest/tree/1.0.1"}},{"version":"1.0.0","version_normalized":"1.0.0.0","source":{"url":"https://github.com/Codeception/module-rest.git","type":"git","reference":"eeb7a579e8aff2529eead34d1699e87113fce5db"},"dist":{"url":"https://api.github.com/repos/Codeception/module-rest/zipball/eeb7a579e8aff2529eead34d1699e87113fce5db","type":"zip","shasum":"","reference":"eeb7a579e8aff2529eead34d1699e87113fce5db"},"time":"2019-10-10T14:21:43+00:00","require":{"php":">=5.6.0 <8.0","flow/jsonpath":"^0.4.0","codeception/codeception":"4.0.x-dev | ^4.0"},"require-dev":{"codeception/util-robohelpers":"dev-master","codeception/util-universalframework":"dev-master","codeception/lib-innerbrowser":"^1.0"},"support":{"issues":"https://github.com/Codeception/module-rest/issues","source":"https://github.com/Codeception/module-rest/tree/1.0.0"}}]},"security-advisories":[],"last-modified":"Mon, 22 Aug 2022 07:11:55 GMT"}