{"minified":"composer/2.0","packages":{"nyholm/psr7":[{"name":"nyholm/psr7","description":"A fast PHP7 implementation of PSR-7","keywords":["psr-7","psr-17"],"homepage":"https://tnyholm.se","version":"1.5.1","version_normalized":"1.5.1.0","license":["MIT"],"authors":[{"name":"Tobias Nyholm","email":"tobias.nyholm@gmail.com"},{"name":"Martijn van der Ven","email":"martijn@vanderven.se"}],"source":{"url":"https://github.com/Nyholm/psr7.git","type":"git","reference":"f734364e38a876a23be4d906a2a089e1315be18a"},"dist":{"url":"https://api.github.com/repos/Nyholm/psr7/zipball/f734364e38a876a23be4d906a2a089e1315be18a","type":"zip","shasum":"","reference":"f734364e38a876a23be4d906a2a089e1315be18a"},"type":"library","funding":[{"url":"https://github.com/Zegnat","type":"github"},{"url":"https://github.com/nyholm","type":"github"}],"time":"2022-06-22T07:13:36+00:00","autoload":{"psr-4":{"Nyholm\\Psr7\\":"src/"}},"extra":{"branch-alias":{"dev-master":"1.4-dev"}},"require":{"php":">=7.1","psr/http-message":"^1.0","php-http/message-factory":"^1.0","psr/http-factory":"^1.0"},"require-dev":{"phpunit/phpunit":"^7.5 || 8.5 || 9.4","php-http/psr7-integration-tests":"^1.0","http-interop/http-factory-tests":"^0.9","symfony/error-handler":"^4.4"},"provide":{"psr/http-message-implementation":"1.0","psr/http-factory-implementation":"1.0"},"support":{"issues":"https://github.com/Nyholm/psr7/issues","source":"https://github.com/Nyholm/psr7/tree/1.5.1"}},{"version":"1.5.0","version_normalized":"1.5.0.0","source":{"url":"https://github.com/Nyholm/psr7.git","type":"git","reference":"1461e07a0f2a975a52082ca3b769ca912b816226"},"dist":{"url":"https://api.github.com/repos/Nyholm/psr7/zipball/1461e07a0f2a975a52082ca3b769ca912b816226","type":"zip","shasum":"","reference":"1461e07a0f2a975a52082ca3b769ca912b816226"},"time":"2022-02-02T18:37:57+00:00","support":{"issues":"https://github.com/Nyholm/psr7/issues","source":"https://github.com/Nyholm/psr7/tree/1.5.0"}},{"version":"1.4.1","version_normalized":"1.4.1.0","source":{"url":"https://github.com/Nyholm/psr7.git","type":"git","reference":"2212385b47153ea71b1c1b1374f8cb5e4f7892ec"},"dist":{"url":"https://api.github.com/repos/Nyholm/psr7/zipball/2212385b47153ea71b1c1b1374f8cb5e4f7892ec","type":"zip","shasum":"","reference":"2212385b47153ea71b1c1b1374f8cb5e4f7892ec"},"time":"2021-07-02T08:32:20+00:00","support":{"issues":"https://github.com/Nyholm/psr7/issues","source":"https://github.com/Nyholm/psr7/tree/1.4.1"}},{"version":"1.4.0","version_normalized":"1.4.0.0","source":{"url":"https://github.com/Nyholm/psr7.git","type":"git","reference":"23ae1f00fbc6a886cbe3062ca682391b9cc7c37b"},"dist":{"url":"https://api.github.com/repos/Nyholm/psr7/zipball/23ae1f00fbc6a886cbe3062ca682391b9cc7c37b","type":"zip","shasum":"","reference":"23ae1f00fbc6a886cbe3062ca682391b9cc7c37b"},"time":"2021-02-18T15:41:32+00:00","require-dev":{"phpunit/phpunit":"^7.5 || 8.5 || 9.4","php-http/psr7-integration-tests":"^1.0","http-interop/http-factory-tests":"^0.8","symfony/error-handler":"^4.4"},"support":{"issues":"https://github.com/Nyholm/psr7/issues","source":"https://github.com/Nyholm/psr7/tree/1.4.0"}},{"version":"1.3.2","version_normalized":"1.3.2.0","source":{"url":"https://github.com/Nyholm/psr7.git","type":"git","reference":"a272953743c454ac4af9626634daaf5ab3ce1173"},"dist":{"url":"https://api.github.com/repos/Nyholm/psr7/zipball/a272953743c454ac4af9626634daaf5ab3ce1173","type":"zip","shasum":"","reference":"a272953743c454ac4af9626634daaf5ab3ce1173"},"time":"2020-11-14T17:35:34+00:00","extra":{"branch-alias":{"dev-master":"1.0-dev"}},"support":{"issues":"https://github.com/Nyholm/psr7/issues","source":"https://github.com/Nyholm/psr7/tree/1.3.2"}},{"homepage":"http://tnyholm.se","version":"1.3.1","version_normalized":"1.3.1.0","source":{"url":"https://github.com/Nyholm/psr7.git","type":"git","reference":"21b71a31eab5c0c2caf967b9c0fd97020254ed75"},"dist":{"url":"https://api.github.com/repos/Nyholm/psr7/zipball/21b71a31eab5c0c2caf967b9c0fd97020254ed75","type":"zip","shasum":"","reference":"21b71a31eab5c0c2caf967b9c0fd97020254ed75"},"time":"2020-06-13T15:59:10+00:00","require-dev":{"phpunit/phpunit":"^7.5","php-http/psr7-integration-tests":"^1.0","http-interop/http-factory-tests":"dev-master","symfony/error-handler":"^4.4"},"support":{"issues":"https://github.com/Nyholm/psr7/issues","source":"https://github.com/Nyholm/psr7/tree/1.3.1"}},{"version":"1.3.0","version_normalized":"1.3.0.0","source":{"url":"https://github.com/Nyholm/psr7.git","type":"git","reference":"c17f4f73985f62054a331cbc4ffdf9868c4ef256"},"dist":{"url":"https://api.github.com/repos/Nyholm/psr7/zipball/c17f4f73985f62054a331cbc4ffdf9868c4ef256","type":"zip","shasum":"","reference":"c17f4f73985f62054a331cbc4ffdf9868c4ef256"},"time":"2020-05-23T11:29:07+00:00","require":{"php":"^7.1","psr/http-message":"^1.0","php-http/message-factory":"^1.0","psr/http-factory":"^1.0"},"support":{"issues":"https://github.com/Nyholm/psr7/issues","source":"https://github.com/Nyholm/psr7/tree/master"}},{"version":"1.2.1","version_normalized":"1.2.1.0","source":{"url":"https://github.com/Nyholm/psr7.git","type":"git","reference":"55ff6b76573f5b242554c9775792bd59fb52e11c"},"dist":{"url":"https://api.github.com/repos/Nyholm/psr7/zipball/55ff6b76573f5b242554c9775792bd59fb52e11c","type":"zip","shasum":"","reference":"55ff6b76573f5b242554c9775792bd59fb52e11c"},"time":"2019-09-05T13:24:16+00:00","require-dev":{"phpunit/phpunit":"^7.5","php-http/psr7-integration-tests":"dev-master","http-interop/http-factory-tests":"dev-master"},"funding":"__unset"},{"version":"1.2.0","version_normalized":"1.2.0.0","source":{"url":"https://github.com/Nyholm/psr7.git","type":"git","reference":"27c828a165ff936f9fe9056baa9cabe0c70a423c"},"dist":{"url":"https://api.github.com/repos/Nyholm/psr7/zipball/27c828a165ff936f9fe9056baa9cabe0c70a423c","type":"zip","shasum":"","reference":"27c828a165ff936f9fe9056baa9cabe0c70a423c"},"time":"2019-08-22T18:22:08+00:00"},{"version":"1.1.0","version_normalized":"1.1.0.0","source":{"url":"https://github.com/Nyholm/psr7.git","type":"git","reference":"701fe7ea8c12c07b985b156d589134d328160cf7"},"dist":{"url":"https://api.github.com/repos/Nyholm/psr7/zipball/701fe7ea8c12c07b985b156d589134d328160cf7","type":"zip","shasum":"","reference":"701fe7ea8c12c07b985b156d589134d328160cf7"},"time":"2019-02-16T17:20:43+00:00"},{"version":"1.0.1","version_normalized":"1.0.1.0","source":{"url":"https://github.com/Nyholm/psr7.git","type":"git","reference":"02a20d5e9241daefd68935f7a43d9a7a8b4b6277"},"dist":{"url":"https://api.github.com/repos/Nyholm/psr7/zipball/02a20d5e9241daefd68935f7a43d9a7a8b4b6277","type":"zip","shasum":"","reference":"02a20d5e9241daefd68935f7a43d9a7a8b4b6277"},"time":"2018-09-02T11:50:33+00:00","require-dev":{"phpunit/phpunit":"^7.0","php-http/psr7-integration-tests":"dev-master","http-interop/http-factory-tests":"dev-master"}},{"version":"1.0.0","version_normalized":"1.0.0.0","source":{"url":"https://github.com/Nyholm/psr7.git","type":"git","reference":"0f68d7130e5fe0a76704ba62a9131e66620a698e"},"dist":{"url":"https://api.github.com/repos/Nyholm/psr7/zipball/0f68d7130e5fe0a76704ba62a9131e66620a698e","type":"zip","shasum":"","reference":"0f68d7130e5fe0a76704ba62a9131e66620a698e"},"time":"2018-08-02T13:49:19+00:00"},{"version":"0.3.0","version_normalized":"0.3.0.0","authors":[{"name":"Tobias Nyholm","email":"tobias.nyholm@gmail.com"}],"source":{"url":"https://github.com/Nyholm/psr7.git","type":"git","reference":"ec2c453decfc5f8ee5a8cf43694b8ca392503d32"},"dist":{"url":"https://api.github.com/repos/Nyholm/psr7/zipball/ec2c453decfc5f8ee5a8cf43694b8ca392503d32","type":"zip","shasum":"","reference":"ec2c453decfc5f8ee5a8cf43694b8ca392503d32"},"time":"2018-02-06T12:01:53+00:00","require":{"php":"^7.1","psr/http-message":"^1.0","php-http/message-factory":"^1.0","http-interop/http-factory":"^0.3"},"extra":"__unset"},{"version":"0.2.3","version_normalized":"0.2.3.0","source":{"url":"https://github.com/Nyholm/psr7.git","type":"git","reference":"8df3bb7ec84fb186537beade2ee2e71f2b7dd216"},"dist":{"url":"https://api.github.com/repos/Nyholm/psr7/zipball/8df3bb7ec84fb186537beade2ee2e71f2b7dd216","type":"zip","shasum":"","reference":"8df3bb7ec84fb186537beade2ee2e71f2b7dd216"},"time":"2017-05-22T14:53:34+00:00","require":{"php":"^7.0","psr/http-message":"^1.0","php-http/message-factory":"^1.0","http-interop/http-factory":"^0.3"},"require-dev":{"phpunit/phpunit":"^5.7","php-http/psr7-integration-tests":"dev-master","http-interop/http-factory-tests":"^0.3"}},{"version":"0.2.2","version_normalized":"0.2.2.0","source":{"url":"https://github.com/Nyholm/psr7.git","type":"git","reference":"92abf02e7e42207906e364c23843cc061ddadd21"},"dist":{"url":"https://api.github.com/repos/Nyholm/psr7/zipball/92abf02e7e42207906e364c23843cc061ddadd21","type":"zip","shasum":"","reference":"92abf02e7e42207906e364c23843cc061ddadd21"},"time":"2017-05-22T14:11:13+00:00"},{"version":"0.2.1","version_normalized":"0.2.1.0","source":{"url":"https://github.com/Nyholm/psr7.git","type":"git","reference":"c532ca43581aec19143337102851dedb7401c2ac"},"dist":{"url":"https://api.github.com/repos/Nyholm/psr7/zipball/c532ca43581aec19143337102851dedb7401c2ac","type":"zip","shasum":"","reference":"c532ca43581aec19143337102851dedb7401c2ac"},"time":"2017-05-14T10:05:49+00:00"},{"keywords":["psr7"],"version":"0.2.0","version_normalized":"0.2.0.0","source":{"url":"https://github.com/Nyholm/psr7.git","type":"git","reference":"1380915ea686c2dcb0b916316d51cc6301460645"},"dist":{"url":"https://api.github.com/repos/Nyholm/psr7/zipball/1380915ea686c2dcb0b916316d51cc6301460645","type":"zip","shasum":"","reference":"1380915ea686c2dcb0b916316d51cc6301460645"},"time":"2017-04-11T06:24:10+00:00","provide":{"psr/http-message-implementation":"1.0"}},{"version":"0.1.0","version_normalized":"0.1.0.0","source":{"url":"https://github.com/Nyholm/psr7.git","type":"git","reference":"69d02e5330612af0af4865155258f8adf3c95309"},"dist":{"url":"https://api.github.com/repos/Nyholm/psr7/zipball/69d02e5330612af0af4865155258f8adf3c95309","type":"zip","shasum":"","reference":"69d02e5330612af0af4865155258f8adf3c95309"},"time":"2017-03-11T15:52:16+00:00","require":{"php":"^7.0","psr/http-message":"^1.0","php-http/message-factory":"^1.0","http-interop/http-factory":"^0.2"},"require-dev":{"phpunit/phpunit":"^5.7","php-http/psr7-integration-tests":"dev-master","http-interop/http-factory-tests":"^0.2.1"}}]},"security-advisories":[],"last-modified":"Fri, 22 Jul 2022 07:17:22 GMT"}