{"minified":"composer/2.0","packages":{"captbaritone/mailcatcher-codeception-module":[{"name":"captbaritone/mailcatcher-codeception-module","description":"Test emails in your Codeception acceptance tests","keywords":[],"homepage":"","version":"2.4.1","version_normalized":"2.4.1.0","license":["MIT"],"authors":[{"name":"Jordan Eldredge","email":"jordan@jordaneldredge.com"},{"name":"James King","email":"james@jamesking.dev"}],"source":{"url":"https://github.com/captbaritone/codeception-mailcatcher-module.git","type":"git","reference":"cb9e5ca1423505a4bfa72a5f00c9f570be89f07c"},"dist":{"url":"https://api.github.com/repos/captbaritone/codeception-mailcatcher-module/zipball/cb9e5ca1423505a4bfa72a5f00c9f570be89f07c","type":"zip","shasum":"","reference":"cb9e5ca1423505a4bfa72a5f00c9f570be89f07c"},"type":"library","time":"2022-06-08T17:21:08+00:00","autoload":{"psr-4":{"Codeception\\":"src"}},"require":{"php":"^7.3 || ^8.0","ext-json":"*","guzzlehttp/guzzle":"^6.0 || ^7.0","codeception/codeception":"^2.2 || ^3.0 || ^4.0","zbateson/mail-mime-parser":"^1.2"},"require-dev":{"codeception/module-asserts":"^1.1","phpmailer/phpmailer":"^6.1.6"},"suggest":{"codeception/module-asserts":"Required if using Codeception >= 4.0"},"support":{"issues":"https://github.com/captbaritone/codeception-mailcatcher-module/issues","source":"https://github.com/captbaritone/codeception-mailcatcher-module/tree/2.4.1"}},{"version":"2.4.0","version_normalized":"2.4.0.0","source":{"url":"https://github.com/captbaritone/codeception-mailcatcher-module.git","type":"git","reference":"7dad8c3bb672e9e0517f9109a4d64278b3ca3dca"},"dist":{"url":"https://api.github.com/repos/captbaritone/codeception-mailcatcher-module/zipball/7dad8c3bb672e9e0517f9109a4d64278b3ca3dca","type":"zip","shasum":"","reference":"7dad8c3bb672e9e0517f9109a4d64278b3ca3dca"},"time":"2022-03-17T10:54:34+00:00","support":{"issues":"https://github.com/captbaritone/codeception-mailcatcher-module/issues","source":"https://github.com/captbaritone/codeception-mailcatcher-module/tree/2.4.0"}},{"version":"2.3.1","version_normalized":"2.3.1.0","source":{"url":"https://github.com/captbaritone/codeception-mailcatcher-module.git","type":"git","reference":"c1819d2ca2301803918e71b1dbcfb7b10ea3608e"},"dist":{"url":"https://api.github.com/repos/captbaritone/codeception-mailcatcher-module/zipball/c1819d2ca2301803918e71b1dbcfb7b10ea3608e","type":"zip","shasum":"","reference":"c1819d2ca2301803918e71b1dbcfb7b10ea3608e"},"time":"2021-03-08T14:51:51+00:00","support":{"issues":"https://github.com/captbaritone/codeception-mailcatcher-module/issues","source":"https://github.com/captbaritone/codeception-mailcatcher-module/tree/2.3.1"}},{"version":"2.3.0","version_normalized":"2.3.0.0","source":{"url":"https://github.com/captbaritone/codeception-mailcatcher-module.git","type":"git","reference":"b96143cce64f3e349e3d396f843687bb20c0b8ce"},"dist":{"url":"https://api.github.com/repos/captbaritone/codeception-mailcatcher-module/zipball/b96143cce64f3e349e3d396f843687bb20c0b8ce","type":"zip","shasum":"","reference":"b96143cce64f3e349e3d396f843687bb20c0b8ce"},"time":"2020-12-09T15:00:00+00:00","support":{"issues":"https://github.com/captbaritone/codeception-mailcatcher-module/issues","source":"https://github.com/captbaritone/codeception-mailcatcher-module/tree/2.3.0"}},{"version":"2.2.0","version_normalized":"2.2.0.0","authors":[{"name":"Jordan Eldredge","email":"jordan@jordaneldredge.com"}],"source":{"url":"https://github.com/captbaritone/codeception-mailcatcher-module.git","type":"git","reference":"fb5e0575e6a219e5f275a84599f0c46caebff7c3"},"dist":{"url":"https://api.github.com/repos/captbaritone/codeception-mailcatcher-module/zipball/fb5e0575e6a219e5f275a84599f0c46caebff7c3","type":"zip","shasum":"","reference":"fb5e0575e6a219e5f275a84599f0c46caebff7c3"},"time":"2020-07-23T08:03:01+00:00","require":{"php":"^7.2","ext-json":"*","guzzlehttp/guzzle":"^6.0 || ^7.0","codeception/codeception":"^2.2 || ^3.0 || ^4.0","zbateson/mail-mime-parser":"^1.2"},"require-dev":{"codeception/module-asserts":"^1.1","phpmailer/phpmailer":"^5.2"},"support":{"issues":"https://github.com/captbaritone/codeception-mailcatcher-module/issues","source":"https://github.com/captbaritone/codeception-mailcatcher-module/tree/2.2.0"}},{"version":"2.1.3","version_normalized":"2.1.3.0","source":{"url":"https://github.com/captbaritone/codeception-mailcatcher-module.git","type":"git","reference":"ff545e40228a9e9b1634347dab2cf0237e0879c8"},"dist":{"url":"https://api.github.com/repos/captbaritone/codeception-mailcatcher-module/zipball/ff545e40228a9e9b1634347dab2cf0237e0879c8","type":"zip","shasum":"","reference":"ff545e40228a9e9b1634347dab2cf0237e0879c8"},"time":"2020-07-19T14:23:33+00:00","require":{"php":">=7.0","guzzlehttp/guzzle":"^6.0 || ^7.0","codeception/codeception":"^2.2 || ^3.0 || ^4.0","zbateson/mail-mime-parser":"^1.2"},"support":{"issues":"https://github.com/captbaritone/codeception-mailcatcher-module/issues","source":"https://github.com/captbaritone/codeception-mailcatcher-module/tree/master"}},{"version":"2.1.2","version_normalized":"2.1.2.0","source":{"url":"https://github.com/captbaritone/codeception-mailcatcher-module.git","type":"git","reference":"a2c1ed7cbd279fee6505a4366fc630a2f34f6f57"},"dist":{"url":"https://api.github.com/repos/captbaritone/codeception-mailcatcher-module/zipball/a2c1ed7cbd279fee6505a4366fc630a2f34f6f57","type":"zip","shasum":"","reference":"a2c1ed7cbd279fee6505a4366fc630a2f34f6f57"},"time":"2020-01-10T15:50:25+00:00","require":{"php":">=7.0","guzzlehttp/guzzle":"^6.0","codeception/codeception":"^2.2 || ^3.0 || ^4.0"},"suggest":{"codeception/module-asserts":"Required if using Codeception >= 4.0","php-mime-mail-parser/php-mime-mail-parser":"^2.9"}},{"version":"2.1.1","version_normalized":"2.1.1.0","license":[],"source":{"url":"https://github.com/captbaritone/codeception-mailcatcher-module.git","type":"git","reference":"74a22cf25cc27476fdd328285f97596f5ef5d0d9"},"dist":{"url":"https://api.github.com/repos/captbaritone/codeception-mailcatcher-module/zipball/74a22cf25cc27476fdd328285f97596f5ef5d0d9","type":"zip","shasum":"","reference":"74a22cf25cc27476fdd328285f97596f5ef5d0d9"},"time":"2019-09-02T21:29:59+00:00","require":{"php":">=7.0","guzzlehttp/guzzle":"^6.0","codeception/codeception":"^2.2 || ^3.0"},"require-dev":{"phpmailer/phpmailer":"^5.2"},"suggest":{"php-mime-mail-parser/php-mime-mail-parser":"^2.9"}},{"version":"2.1.0","version_normalized":"2.1.0.0","source":{"url":"https://github.com/captbaritone/codeception-mailcatcher-module.git","type":"git","reference":"33328e1127813485bfc558476251acc9d2b23723"},"dist":{"url":"https://api.github.com/repos/captbaritone/codeception-mailcatcher-module/zipball/33328e1127813485bfc558476251acc9d2b23723","type":"zip","shasum":"","reference":"33328e1127813485bfc558476251acc9d2b23723"},"time":"2019-05-18T13:48:51+00:00","support":{"issues":"https://github.com/captbaritone/codeception-mailcatcher-module/issues","source":"https://github.com/captbaritone/codeception-mailcatcher-module/tree/2.1.0"}},{"version":"2.0.0","version_normalized":"2.0.0.0","source":{"url":"https://github.com/captbaritone/codeception-mailcatcher-module.git","type":"git","reference":"e3ae7f8c17f3f0ccc26cf49d41197075e0389b51"},"dist":{"url":"https://api.github.com/repos/captbaritone/codeception-mailcatcher-module/zipball/e3ae7f8c17f3f0ccc26cf49d41197075e0389b51","type":"zip","shasum":"","reference":"e3ae7f8c17f3f0ccc26cf49d41197075e0389b51"},"time":"2018-07-01T10:09:16+00:00","require":{"php":">=7.0","guzzlehttp/guzzle":"^6.0","codeception/codeception":"^2.2"},"support":{"issues":"https://github.com/captbaritone/codeception-mailcatcher-module/issues","source":"https://github.com/captbaritone/codeception-mailcatcher-module/tree/master"}},{"version":"1.2.1","version_normalized":"1.2.1.0","source":{"url":"https://github.com/captbaritone/codeception-mailcatcher-module.git","type":"git","reference":"75ba9aa803d81780ee7e9b5c36bb5b8f9139d972"},"dist":{"url":"https://api.github.com/repos/captbaritone/codeception-mailcatcher-module/zipball/75ba9aa803d81780ee7e9b5c36bb5b8f9139d972","type":"zip","shasum":"","reference":"75ba9aa803d81780ee7e9b5c36bb5b8f9139d972"},"time":"2016-08-16T21:35:06+00:00","autoload":{"psr-4":{"Codeception\\Module\\":"src"}},"require":{"guzzlehttp/guzzle":"*"},"require-dev":"__unset","suggest":"__unset"},{"version":"1.2.0","version_normalized":"1.2.0.0","source":{"url":"https://github.com/captbaritone/codeception-mailcatcher-module.git","type":"git","reference":"3c001646f0de75dc3ea1d49e678937ef2041c27a"},"dist":{"url":"https://api.github.com/repos/captbaritone/codeception-mailcatcher-module/zipball/3c001646f0de75dc3ea1d49e678937ef2041c27a","type":"zip","shasum":"","reference":"3c001646f0de75dc3ea1d49e678937ef2041c27a"},"time":"2016-06-07T20:10:19+00:00","require":{"guzzle/guzzle":"3.*"}},{"version":"1.1.1","version_normalized":"1.1.1.0","source":{"url":"https://github.com/captbaritone/codeception-mailcatcher-module.git","type":"git","reference":"468e9dbae85d1a23cae3247b8d3979263b0b37d9"},"dist":{"url":"https://api.github.com/repos/captbaritone/codeception-mailcatcher-module/zipball/468e9dbae85d1a23cae3247b8d3979263b0b37d9","type":"zip","shasum":"","reference":"468e9dbae85d1a23cae3247b8d3979263b0b37d9"},"time":"2015-08-26T23:40:21+00:00"},{"version":"1.1.0","version_normalized":"1.1.0.0","source":{"url":"https://github.com/captbaritone/codeception-mailcatcher-module.git","type":"git","reference":"7702c0c4788ccbb61bc49d5def37e5201c35431f"},"dist":{"url":"https://api.github.com/repos/captbaritone/codeception-mailcatcher-module/zipball/7702c0c4788ccbb61bc49d5def37e5201c35431f","type":"zip","shasum":"","reference":"7702c0c4788ccbb61bc49d5def37e5201c35431f"},"time":"2015-04-04T18:22:30+00:00"},{"version":"1.0.0","version_normalized":"1.0.0.0","source":{"url":"https://github.com/captbaritone/codeception-mailcatcher-module.git","type":"git","reference":"a6746917eebd7fa6ad4faf9239a689ce51602b78"},"dist":{"url":"https://api.github.com/repos/captbaritone/codeception-mailcatcher-module/zipball/a6746917eebd7fa6ad4faf9239a689ce51602b78","type":"zip","shasum":"","reference":"a6746917eebd7fa6ad4faf9239a689ce51602b78"},"time":"2014-07-11T02:12:00+00:00"}]},"security-advisories":[],"last-modified":"Wed, 13 Jul 2022 17:45:34 GMT"}