{"minified":"composer/2.0","packages":{"bheller/images-generator":[{"name":"bheller/images-generator","description":"Generator of placeholder images for Faker","keywords":["faker","fixtures","data","images-generator","imagesgenerator"],"homepage":"https://github.com/bruceheller/images-generator","version":"1.0.1","version_normalized":"1.0.1.0","license":["MIT"],"authors":[{"name":"Bruce Heller","email":"bheller@bheller.com","homepage":"http://www.bheller.com"}],"source":{"url":"https://github.com/bruceheller/images-generator.git","type":"git","reference":"50b61fe1dcf1b72b6a830debec4db22afd1e8ee1"},"dist":{"url":"https://api.github.com/repos/bruceheller/images-generator/zipball/50b61fe1dcf1b72b6a830debec4db22afd1e8ee1","type":"zip","shasum":"","reference":"50b61fe1dcf1b72b6a830debec4db22afd1e8ee1"},"type":"library","time":"2016-03-03T08:40:48+00:00","autoload":{"psr-4":{"bheller\\ImagesGenerator\\":"src"}},"require":{"php":">=5.3.0","fzaninotto/faker":"~1.4"},"require-dev":{"phpunit/phpunit":"*","squizlabs/php_codesniffer":"2.*"},"support":{"issues":"https://github.com/bruceheller/images-generator/issues","source":"https://github.com/bruceheller/images-generator/tree/1.0.1"}},{"version":"1.0.0","version_normalized":"1.0.0.0","source":{"url":"https://github.com/bruceheller/images-generator.git","type":"git","reference":"0d9eb959aa9fbb6ed8bb005e057a7d793c88b5d7"},"dist":{"url":"https://api.github.com/repos/bruceheller/images-generator/zipball/0d9eb959aa9fbb6ed8bb005e057a7d793c88b5d7","type":"zip","shasum":"","reference":"0d9eb959aa9fbb6ed8bb005e057a7d793c88b5d7"},"time":"2015-10-06T21:47:04+00:00","support":{"issues":"https://github.com/bruceheller/images-generator/issues","source":"https://github.com/bruceheller/images-generator/tree/master"},"require-dev":"__unset"}]},"security-advisories":[],"last-modified":"Sat, 25 Jun 2022 06:12:14 GMT"}