{"minified":"composer/2.0","packages":{"trikoder/oauth2-bundle":[{"name":"trikoder/oauth2-bundle","description":"Symfony bundle which provides OAuth 2.0 authorization/resource server capabilities.","keywords":["oauth2"],"homepage":"https://www.trikoder.net/","version":"v3.2.0","version_normalized":"3.2.0.0","license":["MIT"],"authors":[{"name":"Antonio Pauletich","email":"antonio.pauletich@trikoder.net"},{"name":"Berislav Balogović","email":"berislav.balogovic@trikoder.net"},{"name":"Petar Obradović","email":"petar.obradovic@trikoder.net"}],"source":{"url":"https://github.com/trikoder/oauth2-bundle.git","type":"git","reference":"58788136d3856a3e0c7fb41364943af8bc89101c"},"dist":{"url":"https://api.github.com/repos/trikoder/oauth2-bundle/zipball/58788136d3856a3e0c7fb41364943af8bc89101c","type":"zip","shasum":"","reference":"58788136d3856a3e0c7fb41364943af8bc89101c"},"type":"symfony-bundle","time":"2020-10-26T15:54:32+00:00","autoload":{"psr-4":{"Trikoder\\Bundle\\OAuth2Bundle\\":""},"exclude-from-classmap":["/Tests/"]},"extra":{"branch-alias":{"dev-master":"3.x-dev"}},"require":{"php":">=7.2","doctrine/doctrine-bundle":"^1.8|^2.0","doctrine/orm":"^2.7","league/oauth2-server":"^8.0","psr/http-factory":"^1.0","sensio/framework-extra-bundle":"^5.5","symfony/framework-bundle":"^4.4|^5.0","symfony/psr-http-message-bridge":"^2.0","symfony/security-bundle":"^4.4|^5.0"},"require-dev":{"ext-timecop":"*","ext-xdebug":"*","laminas/laminas-diactoros":"^2.2","nyholm/psr7":"^1.2","phpunit/phpunit":"^8.5|^9.4","symfony/browser-kit":"^4.4|^5.0","symfony/phpunit-bridge":"^5.0"},"suggest":{"nelmio/cors-bundle":"For handling CORS requests","nyholm/psr7":"For a super lightweight PSR-7/17 implementation","defuse/php-encryption":"For better performance when doing encryption"},"support":{"issues":"https://github.com/trikoder/oauth2-bundle/issues","source":"https://github.com/trikoder/oauth2-bundle/tree/v3.2.0"}},{"version":"v3.1.1","version_normalized":"3.1.1.0","source":{"url":"https://github.com/trikoder/oauth2-bundle.git","type":"git","reference":"73cddab208efa823ef516b62bc5f1758aea609de"},"dist":{"url":"https://api.github.com/repos/trikoder/oauth2-bundle/zipball/73cddab208efa823ef516b62bc5f1758aea609de","type":"zip","shasum":"","reference":"73cddab208efa823ef516b62bc5f1758aea609de"},"time":"2020-04-10T16:45:57+00:00","require-dev":{"ext-timecop":"*","ext-xdebug":"*","laminas/laminas-diactoros":"^2.2","nyholm/psr7":"^1.2","phpunit/phpunit":"^8.5","symfony/browser-kit":"^4.4|^5.0","symfony/phpunit-bridge":"^5.0"},"support":{"issues":"https://github.com/trikoder/oauth2-bundle/issues","source":"https://github.com/trikoder/oauth2-bundle/tree/v3.1.1"}},{"version":"v3.1.0","version_normalized":"3.1.0.0","source":{"url":"https://github.com/trikoder/oauth2-bundle.git","type":"git","reference":"7eeb932ee34d431ef2078f33262667a961af8926"},"dist":{"url":"https://api.github.com/repos/trikoder/oauth2-bundle/zipball/7eeb932ee34d431ef2078f33262667a961af8926","type":"zip","shasum":"","reference":"7eeb932ee34d431ef2078f33262667a961af8926"},"time":"2020-04-09T15:20:30+00:00","support":{"issues":"https://github.com/trikoder/oauth2-bundle/issues","source":"https://github.com/trikoder/oauth2-bundle/tree/v3.x"}},{"version":"v3.0.0","version_normalized":"3.0.0.0","source":{"url":"https://github.com/trikoder/oauth2-bundle.git","type":"git","reference":"6d65806b102aa7fef18501ed418e436042733aba"},"dist":{"url":"https://api.github.com/repos/trikoder/oauth2-bundle/zipball/6d65806b102aa7fef18501ed418e436042733aba","type":"zip","shasum":"","reference":"6d65806b102aa7fef18501ed418e436042733aba"},"time":"2020-02-26T16:41:34+00:00","support":{"issues":"https://github.com/trikoder/oauth2-bundle/issues","source":"https://github.com/trikoder/oauth2-bundle/tree/master"}},{"version":"v2.1.1","version_normalized":"2.1.1.0","source":{"url":"https://github.com/trikoder/oauth2-bundle.git","type":"git","reference":"119fa85c91c1b487583cd7c9b31a9a821b2eb87c"},"dist":{"url":"https://api.github.com/repos/trikoder/oauth2-bundle/zipball/119fa85c91c1b487583cd7c9b31a9a821b2eb87c","type":"zip","shasum":"","reference":"119fa85c91c1b487583cd7c9b31a9a821b2eb87c"},"time":"2020-02-25T15:04:24+00:00","require":{"php":">=7.2","doctrine/doctrine-bundle":"^1.8|^2.0","doctrine/orm":"^2.6","league/oauth2-server":"^7.2","psr/http-factory":"^1.0","sensio/framework-extra-bundle":"^5.3","symfony/framework-bundle":"^3.4|^4.2","symfony/psr-http-message-bridge":"^1.2","symfony/security-bundle":"^3.4|^4.2"},"require-dev":{"ext-timecop":"*","ext-xdebug":"*","nyholm/psr7":"^1.1","phpunit/phpunit":"^8.4","symfony/browser-kit":"^3.4|^4.2","symfony/phpunit-bridge":"^3.4|^4.4","zendframework/zend-diactoros":"^2.1"},"support":{"issues":"https://github.com/trikoder/oauth2-bundle/issues","source":"https://github.com/trikoder/oauth2-bundle/tree/v2.1.1"}},{"homepage":"http://www.trikoder.net/","version":"v2.1.0","version_normalized":"2.1.0.0","authors":[{"name":"Petar Obradović","email":"petar.obradovic@trikoder.net"}],"source":{"url":"https://github.com/trikoder/oauth2-bundle.git","type":"git","reference":"fbaa1f68b9272ebeb129915e6fb79f7a3e76bae8"},"dist":{"url":"https://api.github.com/repos/trikoder/oauth2-bundle/zipball/fbaa1f68b9272ebeb129915e6fb79f7a3e76bae8","type":"zip","shasum":"","reference":"fbaa1f68b9272ebeb129915e6fb79f7a3e76bae8"},"time":"2019-12-09T09:34:35+00:00","extra":{"branch-alias":{"dev-master":"3.x-dev"},"symfony":{"require":"4.4.*"}},"require-dev":{"ext-timecop":"*","ext-xdebug":"*","friendsofphp/php-cs-fixer":"2.16.0","nyholm/psr7":"^1.1","phpunit/phpunit":"^8.4","symfony/browser-kit":"^3.4|^4.2","symfony/phpunit-bridge":"^3.4|^4.4","zendframework/zend-diactoros":"^2.1"},"support":{"issues":"https://github.com/trikoder/oauth2-bundle/issues","source":"https://github.com/trikoder/oauth2-bundle/tree/v2.x"}},{"version":"v2.0.1","version_normalized":"2.0.1.0","source":{"url":"https://github.com/trikoder/oauth2-bundle.git","type":"git","reference":"72e9465a408c9fa5d25b0f124d96e9c55afb58b3"},"dist":{"url":"https://api.github.com/repos/trikoder/oauth2-bundle/zipball/72e9465a408c9fa5d25b0f124d96e9c55afb58b3","type":"zip","shasum":"","reference":"72e9465a408c9fa5d25b0f124d96e9c55afb58b3"},"time":"2019-08-13T09:14:17+00:00","extra":{"branch-alias":{"dev-master":"3.x-dev"}},"require":{"php":">=7.2","doctrine/doctrine-bundle":"^1.8","doctrine/orm":"^2.6","league/oauth2-server":"^7.2","psr/http-factory":"^1.0","sensio/framework-extra-bundle":"^5.3","symfony/framework-bundle":"^3.4|^4.2","symfony/psr-http-message-bridge":"^1.2","symfony/security-bundle":"^3.4|^4.2"},"require-dev":{"ext-timecop":"*","ext-xdebug":"*","friendsofphp/php-cs-fixer":"^2.15","nyholm/psr7":"^1.1","phpunit/phpunit":"~8.2.0","symfony/browser-kit":"^3.4|^4.2","symfony/phpunit-bridge":"^3.4|^4.3","zendframework/zend-diactoros":"^2.1"}},{"version":"v2.0.0","version_normalized":"2.0.0.0","source":{"url":"https://github.com/trikoder/oauth2-bundle.git","type":"git","reference":"20b23c65a7d3ddf7092b554c84f564512715c5a1"},"dist":{"url":"https://api.github.com/repos/trikoder/oauth2-bundle/zipball/20b23c65a7d3ddf7092b554c84f564512715c5a1","type":"zip","shasum":"","reference":"20b23c65a7d3ddf7092b554c84f564512715c5a1"},"time":"2019-08-08T09:19:11+00:00","support":{"issues":"https://github.com/trikoder/oauth2-bundle/issues","source":"https://github.com/trikoder/oauth2-bundle/tree/master"},"extra":"__unset"},{"version":"v2.0.0-beta1","version_normalized":"2.0.0.0-beta1","source":{"url":"https://github.com/trikoder/oauth2-bundle.git","type":"git","reference":"895618b7101b8499c4e0da77631a57fa79eef101"},"dist":{"url":"https://api.github.com/repos/trikoder/oauth2-bundle/zipball/895618b7101b8499c4e0da77631a57fa79eef101","type":"zip","shasum":"","reference":"895618b7101b8499c4e0da77631a57fa79eef101"},"time":"2019-06-14T13:34:12+00:00","require-dev":{"ext-timecop":"*","ext-xdebug":"*","friendsofphp/php-cs-fixer":"^2.15","nyholm/psr7":"^1.1","phpunit/phpunit":"^8.1","symfony/browser-kit":"^3.4|^4.2","symfony/phpunit-bridge":"^3.4|^4.2","zendframework/zend-diactoros":"^2.1"}},{"version":"v1.1.0","version_normalized":"1.1.0.0","source":{"url":"https://github.com/trikoder/oauth2-bundle.git","type":"git","reference":"29699070c5daf142016d3fd41fd8249f9aabe560"},"dist":{"url":"https://api.github.com/repos/trikoder/oauth2-bundle/zipball/29699070c5daf142016d3fd41fd8249f9aabe560","type":"zip","shasum":"","reference":"29699070c5daf142016d3fd41fd8249f9aabe560"},"time":"2019-01-07T13:46:20+00:00","require":{"php":">=7.2","doctrine/doctrine-bundle":"^1.8","doctrine/orm":"^2.6","league/oauth2-server":"7.2.*","sensio/framework-extra-bundle":"^3.0.0|^4.0.0|^5.0.0","symfony/framework-bundle":"~3.4|~4.0","symfony/psr-http-message-bridge":"1.0.*","symfony/security-bundle":"~3.4|~4.0","zendframework/zend-diactoros":"^1.7"},"require-dev":{"ext-timecop":"*","ext-xdebug":"*","friendsofphp/php-cs-fixer":"2.13.1","phpunit/phpunit":"7.4.*","symfony/browser-kit":"~3.4|~4.0","symfony/phpunit-bridge":"~4.0"},"suggest":{"nelmio/cors-bundle":"For handling CORS requests"}},{"version":"v1.0.0","version_normalized":"1.0.0.0","source":{"url":"https://github.com/trikoder/oauth2-bundle.git","type":"git","reference":"9d0eac3413a89e099684c1ea765e3c389ef449e5"},"dist":{"url":"https://api.github.com/repos/trikoder/oauth2-bundle/zipball/9d0eac3413a89e099684c1ea765e3c389ef449e5","type":"zip","shasum":"","reference":"9d0eac3413a89e099684c1ea765e3c389ef449e5"},"time":"2018-11-28T10:38:47+00:00","require":{"php":">=7.2","doctrine/doctrine-bundle":"^1.8","doctrine/orm":"^2.6","league/oauth2-server":"7.2.*","sensio/framework-extra-bundle":"^5.0.0","symfony/framework-bundle":"~4.0","symfony/psr-http-message-bridge":"1.0.*","symfony/security-bundle":"~4.0","zendframework/zend-diactoros":"^1.7"},"require-dev":{"symfony/browser-kit":"~4.0","symfony/phpunit-bridge":"~4.0","friendsofphp/php-cs-fixer":"2.13.1","phpunit/phpunit":"7.4.*"}}]},"security-advisories":[],"last-modified":"Sat, 09 Jul 2022 18:22:53 GMT"}