{"minified":"composer/2.0","packages":{"webonyx/graphql-php":[{"name":"webonyx/graphql-php","description":"A PHP port of GraphQL reference implementation","keywords":["api","graphql"],"homepage":"https://github.com/webonyx/graphql-php","version":"v14.11.6","version_normalized":"14.11.6.0","license":["MIT"],"authors":[],"source":{"url":"https://github.com/webonyx/graphql-php.git","type":"git","reference":"6070542725b61fc7d0654a8a9855303e5e157434"},"dist":{"url":"https://api.github.com/repos/webonyx/graphql-php/zipball/6070542725b61fc7d0654a8a9855303e5e157434","type":"zip","shasum":"","reference":"6070542725b61fc7d0654a8a9855303e5e157434"},"type":"library","funding":[{"url":"https://opencollective.com/webonyx-graphql-php","type":"open_collective"}],"time":"2022-04-13T16:25:32+00:00","autoload":{"psr-4":{"GraphQL\\":"src/"}},"require":{"php":"^7.1 || ^8","ext-json":"*","ext-mbstring":"*"},"require-dev":{"amphp/amp":"^2.3","doctrine/coding-standard":"^6.0","nyholm/psr7":"^1.2","phpbench/phpbench":"^1.2","phpstan/extension-installer":"^1.0","phpstan/phpstan":"0.12.82","phpstan/phpstan-phpunit":"0.12.18","phpstan/phpstan-strict-rules":"0.12.9","phpunit/phpunit":"^7.2 || ^8.5","psr/http-message":"^1.0","react/promise":"2.*","simpod/php-coveralls-mirror":"^3.0","squizlabs/php_codesniffer":"3.5.4"},"suggest":{"psr/http-message":"To use standard GraphQL server","react/promise":"To leverage async resolving on React PHP platform"},"support":{"issues":"https://github.com/webonyx/graphql-php/issues","source":"https://github.com/webonyx/graphql-php/tree/v14.11.6"}},{"version":"v14.11.5","version_normalized":"14.11.5.0","source":{"url":"https://github.com/webonyx/graphql-php.git","type":"git","reference":"ffa431c0821821839370a68dab3c2597c06bf7f0"},"dist":{"url":"https://api.github.com/repos/webonyx/graphql-php/zipball/ffa431c0821821839370a68dab3c2597c06bf7f0","type":"zip","shasum":"","reference":"ffa431c0821821839370a68dab3c2597c06bf7f0"},"time":"2022-01-24T11:13:31+00:00","require":{"ext-json":"*","ext-mbstring":"*","php":"^7.1 || ^8"},"require-dev":{"phpbench/phpbench":"^1.2","amphp/amp":"^2.3","doctrine/coding-standard":"^6.0","nyholm/psr7":"^1.2","phpstan/extension-installer":"^1.0","phpstan/phpstan":"0.12.82","phpstan/phpstan-phpunit":"0.12.18","phpstan/phpstan-strict-rules":"0.12.9","phpunit/phpunit":"^7.2 || ^8.5","psr/http-message":"^1.0","react/promise":"2.*","simpod/php-coveralls-mirror":"^3.0","squizlabs/php_codesniffer":"3.5.4"},"support":{"issues":"https://github.com/webonyx/graphql-php/issues","source":"https://github.com/webonyx/graphql-php/tree/v14.11.5"}},{"version":"v14.11.4","version_normalized":"14.11.4.0","source":{"url":"https://github.com/webonyx/graphql-php.git","type":"git","reference":"d8d6307399df7246f09a1e9cc05e1574214ca67c"},"dist":{"url":"https://api.github.com/repos/webonyx/graphql-php/zipball/d8d6307399df7246f09a1e9cc05e1574214ca67c","type":"zip","shasum":"","reference":"d8d6307399df7246f09a1e9cc05e1574214ca67c"},"time":"2022-01-20T15:10:45+00:00","require":{"php":"^7.1 || ^8","ext-json":"*","ext-mbstring":"*"},"require-dev":{"amphp/amp":"^2.3","doctrine/coding-standard":"^6.0","nyholm/psr7":"^1.2","phpbench/phpbench":"^1.2","phpstan/extension-installer":"^1.0","phpstan/phpstan":"0.12.82","phpstan/phpstan-phpunit":"0.12.18","phpstan/phpstan-strict-rules":"0.12.9","phpunit/phpunit":"^7.2 || ^8.5","psr/http-message":"^1.0","react/promise":"2.*","simpod/php-coveralls-mirror":"^3.0","squizlabs/php_codesniffer":"3.5.4"},"support":{"issues":"https://github.com/webonyx/graphql-php/issues","source":"https://github.com/webonyx/graphql-php/tree/v14.11.4"}},{"version":"v14.11.3","version_normalized":"14.11.3.0","source":{"url":"https://github.com/webonyx/graphql-php.git","type":"git","reference":"a7192e7a2b0487dc5e185feb4f4df1fc24d35d86"},"dist":{"url":"https://api.github.com/repos/webonyx/graphql-php/zipball/a7192e7a2b0487dc5e185feb4f4df1fc24d35d86","type":"zip","shasum":"","reference":"a7192e7a2b0487dc5e185feb4f4df1fc24d35d86"},"time":"2021-11-19T09:42:02+00:00","require":{"php":"^7.1 || ^8.0","ext-json":"*","ext-mbstring":"*"},"require-dev":{"amphp/amp":"^2.3","doctrine/coding-standard":"^6.0","nyholm/psr7":"^1.2","phpbench/phpbench":"^0.16.10","phpstan/extension-installer":"^1.0","phpstan/phpstan":"0.12.82","phpstan/phpstan-phpunit":"0.12.18","phpstan/phpstan-strict-rules":"0.12.9","phpunit/phpunit":"^7.2 || ^8.5","psr/http-message":"^1.0","react/promise":"2.*","simpod/php-coveralls-mirror":"^3.0","squizlabs/php_codesniffer":"3.5.4"},"support":{"issues":"https://github.com/webonyx/graphql-php/issues","source":"https://github.com/webonyx/graphql-php/tree/v14.11.3"}},{"version":"v14.11.2","version_normalized":"14.11.2.0","source":{"url":"https://github.com/webonyx/graphql-php.git","type":"git","reference":"adff4080c6b7fea71dc148d5a1da0257b79f2b2a"},"dist":{"url":"https://api.github.com/repos/webonyx/graphql-php/zipball/adff4080c6b7fea71dc148d5a1da0257b79f2b2a","type":"zip","shasum":"","reference":"adff4080c6b7fea71dc148d5a1da0257b79f2b2a"},"time":"2021-11-18T09:43:58+00:00","support":{"issues":"https://github.com/webonyx/graphql-php/issues","source":"https://github.com/webonyx/graphql-php/tree/v14.11.2"}},{"version":"v14.11.1","version_normalized":"14.11.1.0","source":{"url":"https://github.com/webonyx/graphql-php.git","type":"git","reference":"8f3e584335696c2eb8d307019f0afdff64fc0e35"},"dist":{"url":"https://api.github.com/repos/webonyx/graphql-php/zipball/8f3e584335696c2eb8d307019f0afdff64fc0e35","type":"zip","shasum":"","reference":"8f3e584335696c2eb8d307019f0afdff64fc0e35"},"time":"2021-11-15T10:25:57+00:00","support":{"issues":"https://github.com/webonyx/graphql-php/issues","source":"https://github.com/webonyx/graphql-php/tree/v14.11.1"}},{"version":"v14.11.0","version_normalized":"14.11.0.0","source":{"url":"https://github.com/webonyx/graphql-php.git","type":"git","reference":"d191b0c34365c025c6cd953b5a63aa62946c7060"},"dist":{"url":"https://api.github.com/repos/webonyx/graphql-php/zipball/d191b0c34365c025c6cd953b5a63aa62946c7060","type":"zip","shasum":"","reference":"d191b0c34365c025c6cd953b5a63aa62946c7060"},"time":"2021-10-29T13:08:08+00:00","support":{"issues":"https://github.com/webonyx/graphql-php/issues","source":"https://github.com/webonyx/graphql-php/tree/v14.11.0"}},{"version":"14.10.0","version_normalized":"14.10.0.0","source":{"url":"https://github.com/webonyx/graphql-php.git","type":"git","reference":"8df55fd13091501f5d148257c264783a49ce2a3c"},"dist":{"url":"https://api.github.com/repos/webonyx/graphql-php/zipball/8df55fd13091501f5d148257c264783a49ce2a3c","type":"zip","shasum":"","reference":"8df55fd13091501f5d148257c264783a49ce2a3c"},"time":"2021-10-28T14:01:05+00:00","support":{"issues":"https://github.com/webonyx/graphql-php/issues","source":"https://github.com/webonyx/graphql-php/tree/14.10.0"}},{"version":"v14.9.0","version_normalized":"14.9.0.0","source":{"url":"https://github.com/webonyx/graphql-php.git","type":"git","reference":"36b83621deb5eae354347a2e86dc7aec81b32a82"},"dist":{"url":"https://api.github.com/repos/webonyx/graphql-php/zipball/36b83621deb5eae354347a2e86dc7aec81b32a82","type":"zip","shasum":"","reference":"36b83621deb5eae354347a2e86dc7aec81b32a82"},"time":"2021-06-15T16:14:17+00:00","require":{"php":"^7.1||^8.0","ext-json":"*","ext-mbstring":"*"},"require-dev":{"amphp/amp":"^2.3","doctrine/coding-standard":"^6.0","nyholm/psr7":"^1.2","phpbench/phpbench":"^0.16.10","phpstan/extension-installer":"^1.0","phpstan/phpstan":"0.12.82","phpstan/phpstan-phpunit":"0.12.18","phpstan/phpstan-strict-rules":"0.12.9","phpunit/phpunit":"^7.2|^8.5","psr/http-message":"^1.0","react/promise":"2.*","simpod/php-coveralls-mirror":"^3.0","squizlabs/php_codesniffer":"3.5.4"},"suggest":{"react/promise":"To leverage async resolving on React PHP platform","psr/http-message":"To use standard GraphQL server"},"support":{"issues":"https://github.com/webonyx/graphql-php/issues","source":"https://github.com/webonyx/graphql-php/tree/v14.9.0"}},{"version":"v14.8.0","version_normalized":"14.8.0.0","source":{"url":"https://github.com/webonyx/graphql-php.git","type":"git","reference":"7149ebfb0ba4132ca3cc5ef943b8e2ece58a5d5b"},"dist":{"url":"https://api.github.com/repos/webonyx/graphql-php/zipball/7149ebfb0ba4132ca3cc5ef943b8e2ece58a5d5b","type":"zip","shasum":"","reference":"7149ebfb0ba4132ca3cc5ef943b8e2ece58a5d5b"},"time":"2021-06-01T10:24:56+00:00","support":{"issues":"https://github.com/webonyx/graphql-php/issues","source":"https://github.com/webonyx/graphql-php/tree/v14.8.0"}},{"version":"v14.7.0","version_normalized":"14.7.0.0","source":{"url":"https://github.com/webonyx/graphql-php.git","type":"git","reference":"6b0ba9a4688b2ef74ea4d52b27477dd80fa67f31"},"dist":{"url":"https://api.github.com/repos/webonyx/graphql-php/zipball/6b0ba9a4688b2ef74ea4d52b27477dd80fa67f31","type":"zip","shasum":"","reference":"6b0ba9a4688b2ef74ea4d52b27477dd80fa67f31"},"time":"2021-05-17T19:21:04+00:00","require":{"ext-json":"*","ext-mbstring":"*","php":"^7.1||^8.0"},"require-dev":{"amphp/amp":"^2.3","nyholm/psr7":"^1.2","phpstan/extension-installer":"^1.0","phpstan/phpstan":"0.12.82","phpstan/phpstan-phpunit":"0.12.18","phpstan/phpstan-strict-rules":"0.12.9","psr/http-message":"^1.0","react/promise":"2.*","doctrine/coding-standard":"^6.0","phpbench/phpbench":"^0.16.10","phpunit/phpunit":"^7.2|^8.5","simpod/php-coveralls-mirror":"^3.0","squizlabs/php_codesniffer":"3.5.4"},"suggest":{"psr/http-message":"To use standard GraphQL server","react/promise":"To leverage async resolving on React PHP platform"},"support":{"issues":"https://github.com/webonyx/graphql-php/issues","source":"https://github.com/webonyx/graphql-php/tree/v14.7.0"}},{"version":"v14.6.4","version_normalized":"14.6.4.0","source":{"url":"https://github.com/webonyx/graphql-php.git","type":"git","reference":"34aa6dd54cd2ebdf8f36cafe817323333f7eb6ba"},"dist":{"url":"https://api.github.com/repos/webonyx/graphql-php/zipball/34aa6dd54cd2ebdf8f36cafe817323333f7eb6ba","type":"zip","shasum":"","reference":"34aa6dd54cd2ebdf8f36cafe817323333f7eb6ba"},"time":"2021-05-11T12:37:43+00:00","require":{"php":"^7.1||^8.0","ext-json":"*","ext-mbstring":"*"},"require-dev":{"amphp/amp":"^2.3","doctrine/coding-standard":"^6.0","nyholm/psr7":"^1.2","phpbench/phpbench":"^0.16.10","phpstan/extension-installer":"^1.0","phpstan/phpstan":"0.12.82","phpstan/phpstan-phpunit":"0.12.18","phpstan/phpstan-strict-rules":"0.12.9","phpunit/phpunit":"^7.2|^8.5","psr/http-message":"^1.0","react/promise":"2.*","simpod/php-coveralls-mirror":"^3.0","squizlabs/php_codesniffer":"3.5.4"},"suggest":{"react/promise":"To leverage async resolving on React PHP platform","psr/http-message":"To use standard GraphQL server"},"support":{"issues":"https://github.com/webonyx/graphql-php/issues","source":"https://github.com/webonyx/graphql-php/tree/v14.6.4"}},{"version":"v14.6.3","version_normalized":"14.6.3.0","source":{"url":"https://github.com/webonyx/graphql-php.git","type":"git","reference":"e3f807a06c44a04d66f83021b28667983d344a50"},"dist":{"url":"https://api.github.com/repos/webonyx/graphql-php/zipball/e3f807a06c44a04d66f83021b28667983d344a50","type":"zip","shasum":"","reference":"e3f807a06c44a04d66f83021b28667983d344a50"},"time":"2021-05-10T15:30:40+00:00","support":{"issues":"https://github.com/webonyx/graphql-php/issues","source":"https://github.com/webonyx/graphql-php/tree/v14.6.3"}},{"version":"v14.6.2","version_normalized":"14.6.2.0","source":{"url":"https://github.com/webonyx/graphql-php.git","type":"git","reference":"bcbb6926bbf2d0cf466c63d0b9edc90e44d5dd3f"},"dist":{"url":"https://api.github.com/repos/webonyx/graphql-php/zipball/bcbb6926bbf2d0cf466c63d0b9edc90e44d5dd3f","type":"zip","shasum":"","reference":"bcbb6926bbf2d0cf466c63d0b9edc90e44d5dd3f"},"time":"2021-04-23T09:26:03+00:00","support":{"issues":"https://github.com/webonyx/graphql-php/issues","source":"https://github.com/webonyx/graphql-php/tree/v14.6.2"}},{"version":"v14.6.1","version_normalized":"14.6.1.0","source":{"url":"https://github.com/webonyx/graphql-php.git","type":"git","reference":"cb54f64b972f8071835721848ddd74415aba31d9"},"dist":{"url":"https://api.github.com/repos/webonyx/graphql-php/zipball/cb54f64b972f8071835721848ddd74415aba31d9","type":"zip","shasum":"","reference":"cb54f64b972f8071835721848ddd74415aba31d9"},"time":"2021-03-29T15:04:45+00:00","support":{"issues":"https://github.com/webonyx/graphql-php/issues","source":"https://github.com/webonyx/graphql-php/tree/v14.6.1"}},{"version":"v14.6.0","version_normalized":"14.6.0.0","source":{"url":"https://github.com/webonyx/graphql-php.git","type":"git","reference":"fe227f1860c3863ca2882f5a4cfb98a78af83696"},"dist":{"url":"https://api.github.com/repos/webonyx/graphql-php/zipball/fe227f1860c3863ca2882f5a4cfb98a78af83696","type":"zip","shasum":"","reference":"fe227f1860c3863ca2882f5a4cfb98a78af83696"},"time":"2021-03-29T11:44:30+00:00","support":{"issues":"https://github.com/webonyx/graphql-php/issues","source":"https://github.com/webonyx/graphql-php/tree/v14.6.0"}},{"version":"v14.5.1","version_normalized":"14.5.1.0","source":{"url":"https://github.com/webonyx/graphql-php.git","type":"git","reference":"3af8b92d07e0d7a9085c0b83daf86beaeb76f092"},"dist":{"url":"https://api.github.com/repos/webonyx/graphql-php/zipball/3af8b92d07e0d7a9085c0b83daf86beaeb76f092","type":"zip","shasum":"","reference":"3af8b92d07e0d7a9085c0b83daf86beaeb76f092"},"time":"2021-02-05T10:51:56+00:00","require-dev":{"amphp/amp":"^2.3","doctrine/coding-standard":"^6.0","nyholm/psr7":"^1.2","phpbench/phpbench":"^0.16.10","phpstan/extension-installer":"^1.0","phpstan/phpstan":"0.12.32","phpstan/phpstan-phpunit":"0.12.11","phpstan/phpstan-strict-rules":"0.12.2","phpunit/phpunit":"^7.2|^8.5","psr/http-message":"^1.0","react/promise":"2.*","simpod/php-coveralls-mirror":"^3.0","squizlabs/php_codesniffer":"3.5.4"},"support":{"issues":"https://github.com/webonyx/graphql-php/issues","source":"https://github.com/webonyx/graphql-php/tree/v14.5.1"}},{"version":"v14.5.0","version_normalized":"14.5.0.0","source":{"url":"https://github.com/webonyx/graphql-php.git","type":"git","reference":"115a20e419439a27092788cdf36f1ac5f0fa429b"},"dist":{"url":"https://api.github.com/repos/webonyx/graphql-php/zipball/115a20e419439a27092788cdf36f1ac5f0fa429b","type":"zip","shasum":"","reference":"115a20e419439a27092788cdf36f1ac5f0fa429b"},"time":"2021-01-23T12:52:35+00:00","support":{"issues":"https://github.com/webonyx/graphql-php/issues","source":"https://github.com/webonyx/graphql-php/tree/v14.5.0"}},{"version":"v14.4.1","version_normalized":"14.4.1.0","source":{"url":"https://github.com/webonyx/graphql-php.git","type":"git","reference":"769a47401f8cbc5f357ea4d05e0191e35a011b0f"},"dist":{"url":"https://api.github.com/repos/webonyx/graphql-php/zipball/769a47401f8cbc5f357ea4d05e0191e35a011b0f","type":"zip","shasum":"","reference":"769a47401f8cbc5f357ea4d05e0191e35a011b0f"},"time":"2021-01-23T09:55:10+00:00","support":{"issues":"https://github.com/webonyx/graphql-php/issues","source":"https://github.com/webonyx/graphql-php/tree/v14.4.1"}},{"version":"v14.4.0","version_normalized":"14.4.0.0","source":{"url":"https://github.com/webonyx/graphql-php.git","type":"git","reference":"aab3d49181467db064b41429cde117a7589625fc"},"dist":{"url":"https://api.github.com/repos/webonyx/graphql-php/zipball/aab3d49181467db064b41429cde117a7589625fc","type":"zip","shasum":"","reference":"aab3d49181467db064b41429cde117a7589625fc"},"time":"2020-12-03T16:05:21+00:00","support":{"issues":"https://github.com/webonyx/graphql-php/issues","source":"https://github.com/webonyx/graphql-php/tree/v14.4.0"}},{"version":"v14.3.0","version_normalized":"14.3.0.0","source":{"url":"https://github.com/webonyx/graphql-php.git","type":"git","reference":"4f3430990824ff410fe548102cb85f0c46442704"},"dist":{"url":"https://api.github.com/repos/webonyx/graphql-php/zipball/4f3430990824ff410fe548102cb85f0c46442704","type":"zip","shasum":"","reference":"4f3430990824ff410fe548102cb85f0c46442704"},"time":"2020-08-23T11:52:38+00:00","support":{"issues":"https://github.com/webonyx/graphql-php/issues","source":"https://github.com/webonyx/graphql-php/tree/master"}},{"version":"v14.2.0","version_normalized":"14.2.0.0","source":{"url":"https://github.com/webonyx/graphql-php.git","type":"git","reference":"3743d8ef80276dca2810117a5df52659853acc37"},"dist":{"url":"https://api.github.com/repos/webonyx/graphql-php/zipball/3743d8ef80276dca2810117a5df52659853acc37","type":"zip","shasum":"","reference":"3743d8ef80276dca2810117a5df52659853acc37"},"time":"2020-08-14T08:53:58+00:00"},{"version":"v14.1.1","version_normalized":"14.1.1.0","source":{"url":"https://github.com/webonyx/graphql-php.git","type":"git","reference":"d6fe86179a388abb0b671eec9688799b96673403"},"dist":{"url":"https://api.github.com/repos/webonyx/graphql-php/zipball/d6fe86179a388abb0b671eec9688799b96673403","type":"zip","shasum":"","reference":"d6fe86179a388abb0b671eec9688799b96673403"},"time":"2020-07-21T17:39:31+00:00","support":{"issues":"https://github.com/webonyx/graphql-php/issues","source":"https://github.com/webonyx/graphql-php/tree/v14.1.1"}},{"version":"v14.1.0","version_normalized":"14.1.0.0","source":{"url":"https://github.com/webonyx/graphql-php.git","type":"git","reference":"a8e91bf5f1ba86540a0e6ab4f948831c14867812"},"dist":{"url":"https://api.github.com/repos/webonyx/graphql-php/zipball/a8e91bf5f1ba86540a0e6ab4f948831c14867812","type":"zip","shasum":"","reference":"a8e91bf5f1ba86540a0e6ab4f948831c14867812"},"time":"2020-07-21T11:22:36+00:00","support":{"issues":"https://github.com/webonyx/graphql-php/issues","source":"https://github.com/webonyx/graphql-php/tree/v14.1.0"}},{"version":"v14.0.2","version_normalized":"14.0.2.0","source":{"url":"https://github.com/webonyx/graphql-php.git","type":"git","reference":"09469dae9f05d5840703897d89e61fce0b4f9246"},"dist":{"url":"https://api.github.com/repos/webonyx/graphql-php/zipball/09469dae9f05d5840703897d89e61fce0b4f9246","type":"zip","shasum":"","reference":"09469dae9f05d5840703897d89e61fce0b4f9246"},"time":"2020-07-07T16:24:20+00:00","support":{"issues":"https://github.com/webonyx/graphql-php/issues","source":"https://github.com/webonyx/graphql-php/tree/master"}},{"version":"v14.0.1","version_normalized":"14.0.1.0","source":{"url":"https://github.com/webonyx/graphql-php.git","type":"git","reference":"c36914e9547ebabb16f3cf9dd9fdaa5b62dd7331"},"dist":{"url":"https://api.github.com/repos/webonyx/graphql-php/zipball/c36914e9547ebabb16f3cf9dd9fdaa5b62dd7331","type":"zip","shasum":"","reference":"c36914e9547ebabb16f3cf9dd9fdaa5b62dd7331"},"time":"2020-07-02T05:58:07+00:00","require-dev":{"amphp/amp":"^2.3","doctrine/coding-standard":"^6.0","nyholm/psr7":"^1.2","phpbench/phpbench":"^0.16.10","phpstan/extension-installer":"^1.0","phpstan/phpstan":"0.12.18","phpstan/phpstan-phpunit":"0.12.6","phpstan/phpstan-strict-rules":"0.12.2","phpunit/phpunit":"^7.2|^8.5","psr/http-message":"^1.0","react/promise":"2.*","simpod/php-coveralls-mirror":"^3.0","squizlabs/php_codesniffer":"3.5.4"},"support":{"issues":"https://github.com/webonyx/graphql-php/issues","source":"https://github.com/webonyx/graphql-php/tree/v14.0.1"}},{"version":"v14.0.0","version_normalized":"14.0.0.0","source":{"url":"https://github.com/webonyx/graphql-php.git","type":"git","reference":"45d84562433613c6ee41e2421c95409d2b2664d6"},"dist":{"url":"https://api.github.com/repos/webonyx/graphql-php/zipball/45d84562433613c6ee41e2421c95409d2b2664d6","type":"zip","shasum":"","reference":"45d84562433613c6ee41e2421c95409d2b2664d6"},"time":"2020-06-21T12:53:32+00:00","require-dev":{"amphp/amp":"^2.3","doctrine/coding-standard":"^6.0","nyholm/psr7":"^1.2","phpbench/phpbench":"^0.14","phpstan/extension-installer":"^1.0","phpstan/phpstan":"0.12.18","phpstan/phpstan-phpunit":"0.12.6","phpstan/phpstan-strict-rules":"0.12.2","phpunit/phpunit":"^7.2|^8.5","psr/http-message":"^1.0","react/promise":"2.*","simpod/php-coveralls-mirror":"^3.0","squizlabs/php_codesniffer":"3.5.4"},"support":{"issues":"https://github.com/webonyx/graphql-php/issues","source":"https://github.com/webonyx/graphql-php/tree/master"}},{"version":"v0.13.9","version_normalized":"0.13.9.0","source":{"url":"https://github.com/webonyx/graphql-php.git","type":"git","reference":"d9a94fddcad0a35d4bced212b8a44ad1bc59bdf3"},"dist":{"url":"https://api.github.com/repos/webonyx/graphql-php/zipball/d9a94fddcad0a35d4bced212b8a44ad1bc59bdf3","type":"zip","shasum":"","reference":"d9a94fddcad0a35d4bced212b8a44ad1bc59bdf3"},"time":"2020-07-02T05:49:25+00:00","require-dev":{"doctrine/coding-standard":"^6.0","phpbench/phpbench":"^0.14.0","phpstan/phpstan":"^0.11.4","phpstan/phpstan-phpunit":"^0.11.0","phpstan/phpstan-strict-rules":"^0.11.0","phpunit/phpcov":"^5.0","phpunit/phpunit":"^7.2","psr/http-message":"^1.0","react/promise":"2.*"},"support":{"issues":"https://github.com/webonyx/graphql-php/issues","source":"https://github.com/webonyx/graphql-php/tree/0.13.x"}},{"version":"v0.13.8","version_normalized":"0.13.8.0","source":{"url":"https://github.com/webonyx/graphql-php.git","type":"git","reference":"6829ae58f4c59121df1f86915fb9917a2ec595e8"},"dist":{"url":"https://api.github.com/repos/webonyx/graphql-php/zipball/6829ae58f4c59121df1f86915fb9917a2ec595e8","type":"zip","shasum":"","reference":"6829ae58f4c59121df1f86915fb9917a2ec595e8"},"time":"2019-08-25T10:32:47+00:00","support":{"issues":"https://github.com/webonyx/graphql-php/issues","source":"https://github.com/webonyx/graphql-php/tree/v0.13.8"},"funding":"__unset"},{"version":"v0.13.7","version_normalized":"0.13.7.0","source":{"url":"https://github.com/webonyx/graphql-php.git","type":"git","reference":"b7a03cd847ad930d884f354d4e4c7e538c289061"},"dist":{"url":"https://api.github.com/repos/webonyx/graphql-php/zipball/b7a03cd847ad930d884f354d4e4c7e538c289061","type":"zip","shasum":"","reference":"b7a03cd847ad930d884f354d4e4c7e538c289061"},"time":"2019-08-23T08:13:00+00:00","support":{"issues":"https://github.com/webonyx/graphql-php/issues","source":"https://github.com/webonyx/graphql-php/tree/0.13.x"}},{"version":"v0.13.6","version_normalized":"0.13.6.0","source":{"url":"https://github.com/webonyx/graphql-php.git","type":"git","reference":"123af49e46d26b0cd2e7a71a387253aa01ea9a6b"},"dist":{"url":"https://api.github.com/repos/webonyx/graphql-php/zipball/123af49e46d26b0cd2e7a71a387253aa01ea9a6b","type":"zip","shasum":"","reference":"123af49e46d26b0cd2e7a71a387253aa01ea9a6b"},"time":"2019-08-07T08:16:55+00:00","support":{"issues":"https://github.com/webonyx/graphql-php/issues","source":"https://github.com/webonyx/graphql-php/tree/v0.13.6"}},{"version":"v0.13.5","version_normalized":"0.13.5.0","source":{"url":"https://github.com/webonyx/graphql-php.git","type":"git","reference":"cdcf5b44737ee743358f5ed25b19a39ad7daf777"},"dist":{"url":"https://api.github.com/repos/webonyx/graphql-php/zipball/cdcf5b44737ee743358f5ed25b19a39ad7daf777","type":"zip","shasum":"","reference":"cdcf5b44737ee743358f5ed25b19a39ad7daf777"},"time":"2019-06-12T07:16:37+00:00","support":{"issues":"https://github.com/webonyx/graphql-php/issues","source":"https://github.com/webonyx/graphql-php/tree/v0.13.5"}},{"version":"v0.13.4","version_normalized":"0.13.4.0","source":{"url":"https://github.com/webonyx/graphql-php.git","type":"git","reference":"e55c7d72cb2d852322ebad8ce30705ae90f20717"},"dist":{"url":"https://api.github.com/repos/webonyx/graphql-php/zipball/e55c7d72cb2d852322ebad8ce30705ae90f20717","type":"zip","shasum":"","reference":"e55c7d72cb2d852322ebad8ce30705ae90f20717"},"time":"2019-05-13T07:12:05+00:00","support":{"issues":"https://github.com/webonyx/graphql-php/issues","source":"https://github.com/webonyx/graphql-php/tree/0.13.x"}},{"version":"v0.13.3","version_normalized":"0.13.3.0","source":{"url":"https://github.com/webonyx/graphql-php.git","type":"git","reference":"27539d5af07eb32048ecef2b14ffa60324987842"},"dist":{"url":"https://api.github.com/repos/webonyx/graphql-php/zipball/27539d5af07eb32048ecef2b14ffa60324987842","type":"zip","shasum":"","reference":"27539d5af07eb32048ecef2b14ffa60324987842"},"time":"2019-05-11T07:48:12+00:00","support":{"issues":"https://github.com/webonyx/graphql-php/issues","source":"https://github.com/webonyx/graphql-php/tree/v0.13.3"}},{"version":"v0.13.2","version_normalized":"0.13.2.0","source":{"url":"https://github.com/webonyx/graphql-php.git","type":"git","reference":"9fc4d114250271c37d9786a78d84549386f2be3c"},"dist":{"url":"https://api.github.com/repos/webonyx/graphql-php/zipball/9fc4d114250271c37d9786a78d84549386f2be3c","type":"zip","shasum":"","reference":"9fc4d114250271c37d9786a78d84549386f2be3c"},"time":"2019-05-10T06:03:54+00:00","support":{"issues":"https://github.com/webonyx/graphql-php/issues","source":"https://github.com/webonyx/graphql-php/tree/v0.13.2"}},{"version":"v0.13.1","version_normalized":"0.13.1.0","source":{"url":"https://github.com/webonyx/graphql-php.git","type":"git","reference":"0226b08429e5a102ea99cda9ddc4a7185006473f"},"dist":{"url":"https://api.github.com/repos/webonyx/graphql-php/zipball/0226b08429e5a102ea99cda9ddc4a7185006473f","type":"zip","shasum":"","reference":"0226b08429e5a102ea99cda9ddc4a7185006473f"},"time":"2019-03-09T15:34:29+00:00","require-dev":{"doctrine/coding-standard":"^5.0","phpbench/phpbench":"^0.14.0","phpstan/phpstan":"0.10.5","phpstan/phpstan-phpunit":"0.10.0","phpstan/phpstan-strict-rules":"0.10.1","phpunit/phpcov":"^5.0","phpunit/phpunit":"^7.2","psr/http-message":"^1.0","react/promise":"2.*"},"support":{"issues":"https://github.com/webonyx/graphql-php/issues","source":"https://github.com/webonyx/graphql-php/tree/0.13.x"}},{"version":"v0.13.0","version_normalized":"0.13.0.0","source":{"url":"https://github.com/webonyx/graphql-php.git","type":"git","reference":"9bb8e7327748fdc828f801001161e6b586ca96e5"},"dist":{"url":"https://api.github.com/repos/webonyx/graphql-php/zipball/9bb8e7327748fdc828f801001161e6b586ca96e5","type":"zip","shasum":"","reference":"9bb8e7327748fdc828f801001161e6b586ca96e5"},"time":"2018-11-27T10:23:58+00:00","require":{"php":"^7.1","ext-json":"*","ext-mbstring":"*"},"require-dev":{"doctrine/coding-standard":"^5.0","phpbench/phpbench":"^0.14.0","phpstan/phpstan":"0.10.5","phpstan/phpstan-phpunit":"0.10.0","phpstan/phpstan-strict-rules":"0.10.1","phpunit/phpunit":"^7.2","psr/http-message":"^1.0","react/promise":"2.*"},"support":{"issues":"https://github.com/webonyx/graphql-php/issues","source":"https://github.com/webonyx/graphql-php/tree/master"}},{"version":"v0.12.6","version_normalized":"0.12.6.0","source":{"url":"https://github.com/webonyx/graphql-php.git","type":"git","reference":"4c545e5ec4fc37f6eb36c19f5a0e7feaf5979c95"},"dist":{"url":"https://api.github.com/repos/webonyx/graphql-php/zipball/4c545e5ec4fc37f6eb36c19f5a0e7feaf5979c95","type":"zip","shasum":"","reference":"4c545e5ec4fc37f6eb36c19f5a0e7feaf5979c95"},"time":"2018-09-02T14:59:54+00:00","require":{"php":">=5.6","ext-mbstring":"*"},"require-dev":{"phpunit/phpunit":"^4.8","psr/http-message":"^1.0","react/promise":"2.*"},"support":{"issues":"https://github.com/webonyx/graphql-php/issues","source":"https://github.com/webonyx/graphql-php/tree/0.12.x"}},{"version":"v0.12.5","version_normalized":"0.12.5.0","source":{"url":"https://github.com/webonyx/graphql-php.git","type":"git","reference":"d5b4d446ce063c4b1b55f974cb21375dfb76221c"},"dist":{"url":"https://api.github.com/repos/webonyx/graphql-php/zipball/d5b4d446ce063c4b1b55f974cb21375dfb76221c","type":"zip","shasum":"","reference":"d5b4d446ce063c4b1b55f974cb21375dfb76221c"},"time":"2018-08-03T14:04:43+00:00","require-dev":{"phpunit/phpunit":"^4.8","psr/http-message":"^1.0"}},{"version":"v0.12.4","version_normalized":"0.12.4.0","source":{"url":"https://github.com/webonyx/graphql-php.git","type":"git","reference":"b705ee797fc4428d0e4b95e77147a56f9c561b79"},"dist":{"url":"https://api.github.com/repos/webonyx/graphql-php/zipball/b705ee797fc4428d0e4b95e77147a56f9c561b79","type":"zip","shasum":"","reference":"b705ee797fc4428d0e4b95e77147a56f9c561b79"},"time":"2018-07-07T21:43:07+00:00"},{"version":"v0.12.3","version_normalized":"0.12.3.0","source":{"url":"https://github.com/webonyx/graphql-php.git","type":"git","reference":"50dfd3fac2cc566335b1667c7e23b29a86df3846"},"dist":{"url":"https://api.github.com/repos/webonyx/graphql-php/zipball/50dfd3fac2cc566335b1667c7e23b29a86df3846","type":"zip","shasum":"","reference":"50dfd3fac2cc566335b1667c7e23b29a86df3846"},"time":"2018-07-07T15:46:58+00:00"},{"version":"v0.12.2","version_normalized":"0.12.2.0","source":{"url":"https://github.com/webonyx/graphql-php.git","type":"git","reference":"167c3e735451633a524787b3103d3536cb9d78ea"},"dist":{"url":"https://api.github.com/repos/webonyx/graphql-php/zipball/167c3e735451633a524787b3103d3536cb9d78ea","type":"zip","shasum":"","reference":"167c3e735451633a524787b3103d3536cb9d78ea"},"time":"2018-06-25T16:56:32+00:00"},{"version":"v0.12.1","version_normalized":"0.12.1.0","source":{"url":"https://github.com/webonyx/graphql-php.git","type":"git","reference":"89369fd8ecc56ac4a277d66669f0f312a72681c1"},"dist":{"url":"https://api.github.com/repos/webonyx/graphql-php/zipball/89369fd8ecc56ac4a277d66669f0f312a72681c1","type":"zip","shasum":"","reference":"89369fd8ecc56ac4a277d66669f0f312a72681c1"},"time":"2018-06-23T04:19:13+00:00","support":{"issues":"https://github.com/webonyx/graphql-php/issues","source":"https://github.com/webonyx/graphql-php/tree/master"}},{"version":"v0.12.0","version_normalized":"0.12.0.0","source":{"url":"https://github.com/webonyx/graphql-php.git","type":"git","reference":"01e084a9eebc94e1ec4c8b6d8d74ea3d0a9026f2"},"dist":{"url":"https://api.github.com/repos/webonyx/graphql-php/zipball/01e084a9eebc94e1ec4c8b6d8d74ea3d0a9026f2","type":"zip","shasum":"","reference":"01e084a9eebc94e1ec4c8b6d8d74ea3d0a9026f2"},"time":"2018-05-27T12:42:05+00:00"},{"version":"v0.11.6","version_normalized":"0.11.6.0","source":{"url":"https://github.com/webonyx/graphql-php.git","type":"git","reference":"f438a726cd523bc584e78d866eca270165c42fd5"},"dist":{"url":"https://api.github.com/repos/webonyx/graphql-php/zipball/f438a726cd523bc584e78d866eca270165c42fd5","type":"zip","shasum":"","reference":"f438a726cd523bc584e78d866eca270165c42fd5"},"time":"2018-04-17T10:34:43+00:00","autoload":{"files":["src/deprecated.php"],"psr-4":{"GraphQL\\":"src/"}},"require":{"php":">=5.5,<8.0-DEV","ext-mbstring":"*"},"support":{"issues":"https://github.com/webonyx/graphql-php/issues","source":"https://github.com/webonyx/graphql-php/tree/0.11"}},{"version":"v0.11.5","version_normalized":"0.11.5.0","license":["BSD"],"source":{"url":"https://github.com/webonyx/graphql-php.git","type":"git","reference":"b97cad0f4a50131c85d9224e8e36ebbcf1c6b425"},"dist":{"url":"https://api.github.com/repos/webonyx/graphql-php/zipball/b97cad0f4a50131c85d9224e8e36ebbcf1c6b425","type":"zip","shasum":"","reference":"b97cad0f4a50131c85d9224e8e36ebbcf1c6b425"},"time":"2017-12-12T09:03:21+00:00","support":{"issues":"https://github.com/webonyx/graphql-php/issues","source":"https://github.com/webonyx/graphql-php/tree/master"}},{"version":"v0.11.4","version_normalized":"0.11.4.0","source":{"url":"https://github.com/webonyx/graphql-php.git","type":"git","reference":"3536280fac093cd482c439d4cf361ff60d3e47e6"},"dist":{"url":"https://api.github.com/repos/webonyx/graphql-php/zipball/3536280fac093cd482c439d4cf361ff60d3e47e6","type":"zip","shasum":"","reference":"3536280fac093cd482c439d4cf361ff60d3e47e6"},"time":"2017-11-28T13:27:06+00:00"},{"version":"v0.11.3","version_normalized":"0.11.3.0","source":{"url":"https://github.com/webonyx/graphql-php.git","type":"git","reference":"ea05c927238377bdd56296dc2552b53841fdb07d"},"dist":{"url":"https://api.github.com/repos/webonyx/graphql-php/zipball/ea05c927238377bdd56296dc2552b53841fdb07d","type":"zip","shasum":"","reference":"ea05c927238377bdd56296dc2552b53841fdb07d"},"time":"2017-11-28T05:38:56+00:00"},{"version":"v0.11.2","version_normalized":"0.11.2.0","source":{"url":"https://github.com/webonyx/graphql-php.git","type":"git","reference":"b17b1c33366d07877feb4299f207a420fbfe53b5"},"dist":{"url":"https://api.github.com/repos/webonyx/graphql-php/zipball/b17b1c33366d07877feb4299f207a420fbfe53b5","type":"zip","shasum":"","reference":"b17b1c33366d07877feb4299f207a420fbfe53b5"},"time":"2017-10-13T17:45:55+00:00"},{"version":"v0.11.1","version_normalized":"0.11.1.0","source":{"url":"https://github.com/webonyx/graphql-php.git","type":"git","reference":"cb40e111a3467b5befd5a279eecbfbfe0584261b"},"dist":{"url":"https://api.github.com/repos/webonyx/graphql-php/zipball/cb40e111a3467b5befd5a279eecbfbfe0584261b","type":"zip","shasum":"","reference":"cb40e111a3467b5befd5a279eecbfbfe0584261b"},"time":"2017-09-22T16:16:34+00:00"},{"version":"v0.11.0","version_normalized":"0.11.0.0","source":{"url":"https://github.com/webonyx/graphql-php.git","type":"git","reference":"d46ad091083c196f14d8bc94c35e4b52391fe9b2"},"dist":{"url":"https://api.github.com/repos/webonyx/graphql-php/zipball/d46ad091083c196f14d8bc94c35e4b52391fe9b2","type":"zip","shasum":"","reference":"d46ad091083c196f14d8bc94c35e4b52391fe9b2"},"time":"2017-09-20T12:50:23+00:00"},{"version":"v0.10.2","version_normalized":"0.10.2.0","source":{"url":"https://github.com/webonyx/graphql-php.git","type":"git","reference":"7cc863df37b2270ec2b57cb9d322da064d832a59"},"dist":{"url":"https://api.github.com/repos/webonyx/graphql-php/zipball/7cc863df37b2270ec2b57cb9d322da064d832a59","type":"zip","shasum":"","reference":"7cc863df37b2270ec2b57cb9d322da064d832a59"},"time":"2017-08-30T16:33:58+00:00"},{"version":"v0.10.1","version_normalized":"0.10.1.0","source":{"url":"https://github.com/webonyx/graphql-php.git","type":"git","reference":"1eb2ccac76e3ff4e1864477729915463bd6a409b"},"dist":{"url":"https://api.github.com/repos/webonyx/graphql-php/zipball/1eb2ccac76e3ff4e1864477729915463bd6a409b","type":"zip","shasum":"","reference":"1eb2ccac76e3ff4e1864477729915463bd6a409b"},"time":"2017-08-20T18:27:58+00:00"},{"version":"v0.10.0","version_normalized":"0.10.0.0","source":{"url":"https://github.com/webonyx/graphql-php.git","type":"git","reference":"df1b575469cb005b17088f0dcdf4d4543f7abac4"},"dist":{"url":"https://api.github.com/repos/webonyx/graphql-php/zipball/df1b575469cb005b17088f0dcdf4d4543f7abac4","type":"zip","shasum":"","reference":"df1b575469cb005b17088f0dcdf4d4543f7abac4"},"time":"2017-08-20T16:25:48+00:00","support":{"issues":"https://github.com/webonyx/graphql-php/issues","source":"https://github.com/webonyx/graphql-php/tree/v0.10"}},{"version":"v0.10.0-rc1","version_normalized":"0.10.0.0-RC1","source":{"url":"https://github.com/webonyx/graphql-php.git","type":"git","reference":"1af902865ba8fd32ce42586b6e6a42400f3233eb"},"dist":{"url":"https://api.github.com/repos/webonyx/graphql-php/zipball/1af902865ba8fd32ce42586b6e6a42400f3233eb","type":"zip","shasum":"","reference":"1af902865ba8fd32ce42586b6e6a42400f3233eb"},"time":"2017-07-21T15:29:59+00:00","require-dev":{"phpunit/phpunit":"^4.8"},"suggest":{"react/promise":"To use ReactPHP promise adapter"}},{"version":"v0.9.14","version_normalized":"0.9.14.0","source":{"url":"https://github.com/webonyx/graphql-php.git","type":"git","reference":"ed6629130869893e6efb5757dab5812def357bce"},"dist":{"url":"https://api.github.com/repos/webonyx/graphql-php/zipball/ed6629130869893e6efb5757dab5812def357bce","type":"zip","shasum":"","reference":"ed6629130869893e6efb5757dab5812def357bce"},"time":"2017-08-18T15:30:03+00:00","require":{"php":">=5.4,<8.0-DEV","ext-mbstring":"*"},"support":{"issues":"https://github.com/webonyx/graphql-php/issues","source":"https://github.com/webonyx/graphql-php/tree/master"}},{"version":"v0.9.13","version_normalized":"0.9.13.0","source":{"url":"https://github.com/webonyx/graphql-php.git","type":"git","reference":"8fe26a1a21e3a96e470b5712bc9d392239e8308f"},"dist":{"url":"https://api.github.com/repos/webonyx/graphql-php/zipball/8fe26a1a21e3a96e470b5712bc9d392239e8308f","type":"zip","shasum":"","reference":"8fe26a1a21e3a96e470b5712bc9d392239e8308f"},"time":"2017-07-17T17:25:45+00:00"},{"version":"v0.9.12","version_normalized":"0.9.12.0","source":{"url":"https://github.com/webonyx/graphql-php.git","type":"git","reference":"bc6a7a3d1dd7b3d3f6b242fd94fc628c28c9c1cb"},"dist":{"url":"https://api.github.com/repos/webonyx/graphql-php/zipball/bc6a7a3d1dd7b3d3f6b242fd94fc628c28c9c1cb","type":"zip","shasum":"","reference":"bc6a7a3d1dd7b3d3f6b242fd94fc628c28c9c1cb"},"time":"2017-07-06T12:29:33+00:00"},{"version":"v0.9.11","version_normalized":"0.9.11.0","source":{"url":"https://github.com/webonyx/graphql-php.git","type":"git","reference":"141afc1cf7353753b0313e9ea17eea2560ded12d"},"dist":{"url":"https://api.github.com/repos/webonyx/graphql-php/zipball/141afc1cf7353753b0313e9ea17eea2560ded12d","type":"zip","shasum":"","reference":"141afc1cf7353753b0313e9ea17eea2560ded12d"},"time":"2017-06-19T06:35:23+00:00"},{"version":"v0.9.10","version_normalized":"0.9.10.0","source":{"url":"https://github.com/webonyx/graphql-php.git","type":"git","reference":"e7cde5ecf3b0796db34d492f0698498eefe85bcf"},"dist":{"url":"https://api.github.com/repos/webonyx/graphql-php/zipball/e7cde5ecf3b0796db34d492f0698498eefe85bcf","type":"zip","shasum":"","reference":"e7cde5ecf3b0796db34d492f0698498eefe85bcf"},"time":"2017-06-03T10:17:42+00:00"},{"version":"v0.9.9","version_normalized":"0.9.9.0","source":{"url":"https://github.com/webonyx/graphql-php.git","type":"git","reference":"154fdfee11cc882fb4523dcae8d96983b45ce228"},"dist":{"url":"https://api.github.com/repos/webonyx/graphql-php/zipball/154fdfee11cc882fb4523dcae8d96983b45ce228","type":"zip","shasum":"","reference":"154fdfee11cc882fb4523dcae8d96983b45ce228"},"time":"2017-05-29T15:32:10+00:00"},{"version":"v0.9.8","version_normalized":"0.9.8.0","source":{"url":"https://github.com/webonyx/graphql-php.git","type":"git","reference":"848f9c3edfbfbfa0903f4dd76ee2fec1cfb12224"},"dist":{"url":"https://api.github.com/repos/webonyx/graphql-php/zipball/848f9c3edfbfbfa0903f4dd76ee2fec1cfb12224","type":"zip","shasum":"","reference":"848f9c3edfbfbfa0903f4dd76ee2fec1cfb12224"},"time":"2017-04-25T11:02:45+00:00"},{"version":"v0.9.7","version_normalized":"0.9.7.0","source":{"url":"https://github.com/webonyx/graphql-php.git","type":"git","reference":"7ef9f9167296e8e25c53bc4cc9c2e33b735aaa63"},"dist":{"url":"https://api.github.com/repos/webonyx/graphql-php/zipball/7ef9f9167296e8e25c53bc4cc9c2e33b735aaa63","type":"zip","shasum":"","reference":"7ef9f9167296e8e25c53bc4cc9c2e33b735aaa63"},"time":"2017-03-16T16:51:38+00:00"},{"version":"v0.9.6","version_normalized":"0.9.6.0","source":{"url":"https://github.com/webonyx/graphql-php.git","type":"git","reference":"f77bd17eba9d4b2db5e128f2e943e8a577f83bf8"},"dist":{"url":"https://api.github.com/repos/webonyx/graphql-php/zipball/f77bd17eba9d4b2db5e128f2e943e8a577f83bf8","type":"zip","shasum":"","reference":"f77bd17eba9d4b2db5e128f2e943e8a577f83bf8"},"time":"2017-03-10T12:21:27+00:00"},{"version":"v0.9.5","version_normalized":"0.9.5.0","source":{"url":"https://github.com/webonyx/graphql-php.git","type":"git","reference":"dd4acfd3b6816c21d4fa4fb07c1d5b9a18266335"},"dist":{"url":"https://api.github.com/repos/webonyx/graphql-php/zipball/dd4acfd3b6816c21d4fa4fb07c1d5b9a18266335","type":"zip","shasum":"","reference":"dd4acfd3b6816c21d4fa4fb07c1d5b9a18266335"},"time":"2017-02-23T18:06:35+00:00"},{"version":"v0.9.4","version_normalized":"0.9.4.0","source":{"url":"https://github.com/webonyx/graphql-php.git","type":"git","reference":"ed41a4ce43e354a0e2218d11c78b5d1ab86e3140"},"dist":{"url":"https://api.github.com/repos/webonyx/graphql-php/zipball/ed41a4ce43e354a0e2218d11c78b5d1ab86e3140","type":"zip","shasum":"","reference":"ed41a4ce43e354a0e2218d11c78b5d1ab86e3140"},"time":"2017-02-21T08:25:14+00:00"},{"version":"v0.9.3","version_normalized":"0.9.3.0","source":{"url":"https://github.com/webonyx/graphql-php.git","type":"git","reference":"0bd7c9d40562d3906b53fbe3e237a8b1d9c5fcc2"},"dist":{"url":"https://api.github.com/repos/webonyx/graphql-php/zipball/0bd7c9d40562d3906b53fbe3e237a8b1d9c5fcc2","type":"zip","shasum":"","reference":"0bd7c9d40562d3906b53fbe3e237a8b1d9c5fcc2"},"time":"2017-02-13T19:51:33+00:00"},{"version":"v0.9.2","version_normalized":"0.9.2.0","source":{"url":"https://github.com/webonyx/graphql-php.git","type":"git","reference":"c2f0749d8e9ed0edeaf7c9a206e28b1c5c45fe80"},"dist":{"url":"https://api.github.com/repos/webonyx/graphql-php/zipball/c2f0749d8e9ed0edeaf7c9a206e28b1c5c45fe80","type":"zip","shasum":"","reference":"c2f0749d8e9ed0edeaf7c9a206e28b1c5c45fe80"},"time":"2017-02-07T06:01:36+00:00"},{"version":"v0.9.1","version_normalized":"0.9.1.0","source":{"url":"https://github.com/webonyx/graphql-php.git","type":"git","reference":"c18cd1696063ded179a51669592105127815d1ed"},"dist":{"url":"https://api.github.com/repos/webonyx/graphql-php/zipball/c18cd1696063ded179a51669592105127815d1ed","type":"zip","shasum":"","reference":"c18cd1696063ded179a51669592105127815d1ed"},"time":"2017-01-26T12:24:53+00:00"},{"version":"v0.9.0","version_normalized":"0.9.0.0","source":{"url":"https://github.com/webonyx/graphql-php.git","type":"git","reference":"fa9611738deca949f79d61b1a33119428bd9919d"},"dist":{"url":"https://api.github.com/repos/webonyx/graphql-php/zipball/fa9611738deca949f79d61b1a33119428bd9919d","type":"zip","shasum":"","reference":"fa9611738deca949f79d61b1a33119428bd9919d"},"time":"2017-01-19T12:28:41+00:00"},{"version":"v0.8.0","version_normalized":"0.8.0.0","source":{"url":"https://github.com/webonyx/graphql-php.git","type":"git","reference":"49453174061bbbe61a8189f87bad0b708495ff9c"},"dist":{"url":"https://api.github.com/repos/webonyx/graphql-php/zipball/49453174061bbbe61a8189f87bad0b708495ff9c","type":"zip","shasum":"","reference":"49453174061bbbe61a8189f87bad0b708495ff9c"},"time":"2016-11-25T11:45:38+00:00","suggest":"__unset"},{"version":"v0.7.2","version_normalized":"0.7.2.0","source":{"url":"https://github.com/webonyx/graphql-php.git","type":"git","reference":"f91cbf3409ba0385b2d43b1692600efeda43d980"},"dist":{"url":"https://api.github.com/repos/webonyx/graphql-php/zipball/f91cbf3409ba0385b2d43b1692600efeda43d980","type":"zip","shasum":"","reference":"f91cbf3409ba0385b2d43b1692600efeda43d980"},"time":"2016-09-16T09:48:07+00:00","autoload":{"psr-4":{"GraphQL\\":"src/"}},"require":{"php":">=5.4,<8.0-DEV"}},{"version":"v0.7.1","version_normalized":"0.7.1.0","source":{"url":"https://github.com/webonyx/graphql-php.git","type":"git","reference":"cf38297d75c9298a97a3e486cd842dae3e527394"},"dist":{"url":"https://api.github.com/repos/webonyx/graphql-php/zipball/cf38297d75c9298a97a3e486cd842dae3e527394","type":"zip","shasum":"","reference":"cf38297d75c9298a97a3e486cd842dae3e527394"},"time":"2016-09-15T11:44:24+00:00"},{"version":"v0.7.0","version_normalized":"0.7.0.0","source":{"url":"https://github.com/webonyx/graphql-php.git","type":"git","reference":"f9e97ea29623f32569cb412c6d7e57ffc20f6aae"},"dist":{"url":"https://api.github.com/repos/webonyx/graphql-php/zipball/f9e97ea29623f32569cb412c6d7e57ffc20f6aae","type":"zip","shasum":"","reference":"f9e97ea29623f32569cb412c6d7e57ffc20f6aae"},"time":"2016-09-14T12:36:10+00:00"},{"version":"v0.6.4","version_normalized":"0.6.4.0","source":{"url":"https://github.com/webonyx/graphql-php.git","type":"git","reference":"0c1ad084d4e9488b7ec72680f59316af34454964"},"dist":{"url":"https://api.github.com/repos/webonyx/graphql-php/zipball/0c1ad084d4e9488b7ec72680f59316af34454964","type":"zip","shasum":"","reference":"0c1ad084d4e9488b7ec72680f59316af34454964"},"time":"2016-06-11T06:43:32+00:00"},{"version":"v0.6.3","version_normalized":"0.6.3.0","source":{"url":"https://github.com/webonyx/graphql-php.git","type":"git","reference":"0e1929f0b1426549ccec5d5e7a4d04f7bc7dff21"},"dist":{"url":"https://api.github.com/repos/webonyx/graphql-php/zipball/0e1929f0b1426549ccec5d5e7a4d04f7bc7dff21","type":"zip","shasum":"","reference":"0e1929f0b1426549ccec5d5e7a4d04f7bc7dff21"},"time":"2016-05-25T06:14:29+00:00"},{"version":"v0.6.2","version_normalized":"0.6.2.0","source":{"url":"https://github.com/webonyx/graphql-php.git","type":"git","reference":"7916c549264b2c6318de0a4a221800e09869552e"},"dist":{"url":"https://api.github.com/repos/webonyx/graphql-php/zipball/7916c549264b2c6318de0a4a221800e09869552e","type":"zip","shasum":"","reference":"7916c549264b2c6318de0a4a221800e09869552e"},"time":"2016-04-25T13:55:11+00:00"},{"version":"v0.6.1","version_normalized":"0.6.1.0","source":{"url":"https://github.com/webonyx/graphql-php.git","type":"git","reference":"4d024ee85ee55b46c6337b405ba9612d4613dc80"},"dist":{"url":"https://api.github.com/repos/webonyx/graphql-php/zipball/4d024ee85ee55b46c6337b405ba9612d4613dc80","type":"zip","shasum":"","reference":"4d024ee85ee55b46c6337b405ba9612d4613dc80"},"time":"2016-04-20T12:04:11+00:00"},{"version":"v0.6.0","version_normalized":"0.6.0.0","source":{"url":"https://github.com/webonyx/graphql-php.git","type":"git","reference":"36a845499cf41bd66dd9a2f8a52e5581d8ac6c36"},"dist":{"url":"https://api.github.com/repos/webonyx/graphql-php/zipball/36a845499cf41bd66dd9a2f8a52e5581d8ac6c36","type":"zip","shasum":"","reference":"36a845499cf41bd66dd9a2f8a52e5581d8ac6c36"},"time":"2016-04-15T10:48:58+00:00"},{"version":"v0.5.9","version_normalized":"0.5.9.0","source":{"url":"https://github.com/webonyx/graphql-php.git","type":"git","reference":"68d868198359f8c29190c271f8108f37f6fa2f51"},"dist":{"url":"https://api.github.com/repos/webonyx/graphql-php/zipball/68d868198359f8c29190c271f8108f37f6fa2f51","type":"zip","shasum":"","reference":"68d868198359f8c29190c271f8108f37f6fa2f51"},"time":"2016-04-01T10:30:52+00:00","autoload":{"classmap":["src/"]}},{"version":"v0.5.8","version_normalized":"0.5.8.0","source":{"url":"https://github.com/webonyx/graphql-php.git","type":"git","reference":"6fc46beb3fbe2720f489c0ebc7ffbe579fc69823"},"dist":{"url":"https://api.github.com/repos/webonyx/graphql-php/zipball/6fc46beb3fbe2720f489c0ebc7ffbe579fc69823","type":"zip","shasum":"","reference":"6fc46beb3fbe2720f489c0ebc7ffbe579fc69823"},"time":"2016-03-12T07:46:21+00:00"},{"version":"v0.5.7","version_normalized":"0.5.7.0","source":{"url":"https://github.com/webonyx/graphql-php.git","type":"git","reference":"201fb7754ff4ddebf97884848d33e948d3d00e48"},"dist":{"url":"https://api.github.com/repos/webonyx/graphql-php/zipball/201fb7754ff4ddebf97884848d33e948d3d00e48","type":"zip","shasum":"","reference":"201fb7754ff4ddebf97884848d33e948d3d00e48"},"time":"2016-02-27T06:30:45+00:00"},{"version":"v0.5.6","version_normalized":"0.5.6.0","source":{"url":"https://github.com/webonyx/graphql-php.git","type":"git","reference":"b890ef7cfe1b9805cafb53fd284c164a0894a521"},"dist":{"url":"https://api.github.com/repos/webonyx/graphql-php/zipball/b890ef7cfe1b9805cafb53fd284c164a0894a521","type":"zip","shasum":"","reference":"b890ef7cfe1b9805cafb53fd284c164a0894a521"},"time":"2016-02-24T17:25:36+00:00"},{"version":"v0.5.5","version_normalized":"0.5.5.0","source":{"url":"https://github.com/webonyx/graphql-php.git","type":"git","reference":"cc6c6a14f59472247c54138389078b0520e43abe"},"dist":{"url":"https://api.github.com/repos/webonyx/graphql-php/zipball/cc6c6a14f59472247c54138389078b0520e43abe","type":"zip","shasum":"","reference":"cc6c6a14f59472247c54138389078b0520e43abe"},"time":"2016-01-21T10:07:05+00:00"},{"version":"v0.5.4","version_normalized":"0.5.4.0","source":{"url":"https://github.com/webonyx/graphql-php.git","type":"git","reference":"98e5835620ec14c8b24fb178dfabd2d8abdf03c2"},"dist":{"url":"https://api.github.com/repos/webonyx/graphql-php/zipball/98e5835620ec14c8b24fb178dfabd2d8abdf03c2","type":"zip","shasum":"","reference":"98e5835620ec14c8b24fb178dfabd2d8abdf03c2"},"time":"2016-01-01T13:16:25+00:00"},{"version":"v0.5.3","version_normalized":"0.5.3.0","source":{"url":"https://github.com/webonyx/graphql-php.git","type":"git","reference":"4591840ec75920744d548001e086dbe671a16a1f"},"dist":{"url":"https://api.github.com/repos/webonyx/graphql-php/zipball/4591840ec75920744d548001e086dbe671a16a1f","type":"zip","shasum":"","reference":"4591840ec75920744d548001e086dbe671a16a1f"},"time":"2015-12-21T10:00:37+00:00"},{"version":"v0.5.2","version_normalized":"0.5.2.0","source":{"url":"https://github.com/webonyx/graphql-php.git","type":"git","reference":"68fb4ceb9cea5ce22607bfb6aa7ca62dbacf2709"},"dist":{"url":"https://api.github.com/repos/webonyx/graphql-php/zipball/68fb4ceb9cea5ce22607bfb6aa7ca62dbacf2709","type":"zip","shasum":"","reference":"68fb4ceb9cea5ce22607bfb6aa7ca62dbacf2709"},"time":"2015-11-02T14:39:51+00:00"},{"version":"v0.5.1","version_normalized":"0.5.1.0","source":{"url":"https://github.com/webonyx/graphql-php.git","type":"git","reference":"c81605bfb196f1f64ee921df1c148c427d4467c1"},"dist":{"url":"https://api.github.com/repos/webonyx/graphql-php/zipball/c81605bfb196f1f64ee921df1c148c427d4467c1","type":"zip","shasum":"","reference":"c81605bfb196f1f64ee921df1c148c427d4467c1"},"time":"2015-10-25T13:35:36+00:00"},{"version":"v0.5","version_normalized":"0.5.0.0","source":{"url":"https://github.com/webonyx/graphql-php.git","type":"git","reference":"3b3da9e0660fcf489edb74469eceb1b47ae2340d"},"dist":{"url":"https://api.github.com/repos/webonyx/graphql-php/zipball/3b3da9e0660fcf489edb74469eceb1b47ae2340d","type":"zip","shasum":"","reference":"3b3da9e0660fcf489edb74469eceb1b47ae2340d"},"time":"2015-10-25T08:23:15+00:00"},{"version":"v0.4","version_normalized":"0.4.0.0","source":{"url":"https://github.com/webonyx/graphql-php.git","type":"git","reference":"25c42e6b528aea6190edc747830f7785b74aa74e"},"dist":{"url":"https://api.github.com/repos/webonyx/graphql-php/zipball/25c42e6b528aea6190edc747830f7785b74aa74e","type":"zip","shasum":"","reference":"25c42e6b528aea6190edc747830f7785b74aa74e"},"time":"2015-09-06T09:50:16+00:00","require-dev":{"phpunit/phpunit":"4.7.6"}},{"description":"A PHP port of GraphQL reference implementation (https://github.com/graphql/graphql-js, ref: 099eeb7b5a49a16fa3d55353b9774291881e959c)","version":"v0.3","version_normalized":"0.3.0.0","source":{"url":"https://github.com/webonyx/graphql-php.git","type":"git","reference":"3edf6248b0743d070f6d0e5b598177e5bd95eb95"},"dist":{"url":"https://api.github.com/repos/webonyx/graphql-php/zipball/3edf6248b0743d070f6d0e5b598177e5bd95eb95","type":"zip","shasum":"","reference":"3edf6248b0743d070f6d0e5b598177e5bd95eb95"},"time":"2015-08-31T19:44:03+00:00"},{"version":"v0.2","version_normalized":"0.2.0.0","source":{"url":"https://github.com/webonyx/graphql-php.git","type":"git","reference":"ee2ce2989998213ef90f24cc612fea59c0ed8bed"},"dist":{"url":"https://api.github.com/repos/webonyx/graphql-php/zipball/ee2ce2989998213ef90f24cc612fea59c0ed8bed","type":"zip","shasum":"","reference":"ee2ce2989998213ef90f24cc612fea59c0ed8bed"},"time":"2015-08-19T20:48:04+00:00"},{"version":"v0.1","version_normalized":"0.1.0.0","source":{"url":"https://github.com/webonyx/graphql-php.git","type":"git","reference":"04b2e409eb26fd8b5cc007c616b5ec3e653ea530"},"dist":{"url":"https://api.github.com/repos/webonyx/graphql-php/zipball/04b2e409eb26fd8b5cc007c616b5ec3e653ea530","type":"zip","shasum":"","reference":"04b2e409eb26fd8b5cc007c616b5ec3e653ea530"},"time":"2015-08-10T06:48:16+00:00"}]},"security-advisories":[],"last-modified":"Fri, 24 Jun 2022 10:16:40 GMT"}