{"minified":"composer/2.0","packages":{"codeception/module-asserts":[{"name":"codeception/module-asserts","description":"Codeception module containing various assertions","keywords":["codeception","assertions","asserts"],"homepage":"https://codeception.com/","version":"3.0.0","version_normalized":"3.0.0.0","license":["MIT"],"authors":[{"name":"Michael Bodnarchuk"},{"name":"Gintautas Miselis"},{"name":"Gustavo Nieves","homepage":"https://medium.com/@ganieves"}],"source":{"url":"https://github.com/Codeception/module-asserts.git","type":"git","reference":"1b6b150b30586c3614e7e5761b31834ed7968603"},"dist":{"url":"https://api.github.com/repos/Codeception/module-asserts/zipball/1b6b150b30586c3614e7e5761b31834ed7968603","type":"zip","shasum":"","reference":"1b6b150b30586c3614e7e5761b31834ed7968603"},"type":"library","time":"2022-02-16T19:48:08+00:00","autoload":{"classmap":["src/"]},"require":{"php":"^8.0","codeception/codeception":"*@dev","codeception/lib-asserts":"^2.0"},"conflict":{"codeception/codeception":"<5.0"},"support":{"issues":"https://github.com/Codeception/module-asserts/issues","source":"https://github.com/Codeception/module-asserts/tree/3.0.0"}},{"version":"2.0.1","version_normalized":"2.0.1.0","source":{"url":"https://github.com/Codeception/module-asserts.git","type":"git","reference":"313673c35de00ad337d3b5f895a1998695d3b537"},"dist":{"url":"https://api.github.com/repos/Codeception/module-asserts/zipball/313673c35de00ad337d3b5f895a1998695d3b537","type":"zip","shasum":"","reference":"313673c35de00ad337d3b5f895a1998695d3b537"},"time":"2021-12-18T17:10:04+00:00","require":{"php":"^7.4 | ^8.0","codeception/lib-asserts":"^2.0","codeception/codeception":"^4.1 | *@dev"},"conflict":{"codeception/codeception":"<4.1"},"support":{"issues":"https://github.com/Codeception/module-asserts/issues","source":"https://github.com/Codeception/module-asserts/tree/2.0.1"}},{"version":"2.0.0","version_normalized":"2.0.0.0","source":{"url":"https://github.com/Codeception/module-asserts.git","type":"git","reference":"ef4a27087b09bf3c3b88fa9025e3179848541a79"},"dist":{"url":"https://api.github.com/repos/Codeception/module-asserts/zipball/ef4a27087b09bf3c3b88fa9025e3179848541a79","type":"zip","shasum":"","reference":"ef4a27087b09bf3c3b88fa9025e3179848541a79"},"time":"2021-11-30T00:38:49+00:00","require":{"php":"^7.4 || ^8.0","codeception/lib-asserts":"^1.13.1","codeception/codeception":"*@dev"},"conflict":{"codeception/codeception":"<4.0"},"support":{"issues":"https://github.com/Codeception/module-asserts/issues","source":"https://github.com/Codeception/module-asserts/tree/2.0.0"}},{"version":"1.3.1","version_normalized":"1.3.1.0","source":{"url":"https://github.com/Codeception/module-asserts.git","type":"git","reference":"59374f2fef0cabb9e8ddb53277e85cdca74328de"},"dist":{"url":"https://api.github.com/repos/Codeception/module-asserts/zipball/59374f2fef0cabb9e8ddb53277e85cdca74328de","type":"zip","shasum":"","reference":"59374f2fef0cabb9e8ddb53277e85cdca74328de"},"time":"2020-10-21T16:48:15+00:00","require":{"php":">=5.6.0 <9.0","codeception/lib-asserts":"^1.13.1","codeception/codeception":"*@dev"},"support":{"issues":"https://github.com/Codeception/module-asserts/issues","source":"https://github.com/Codeception/module-asserts/tree/1.3.1"}},{"version":"1.3.0","version_normalized":"1.3.0.0","source":{"url":"https://github.com/Codeception/module-asserts.git","type":"git","reference":"32e5be519faaeb60ed3692383dcd1b3390ec2667"},"dist":{"url":"https://api.github.com/repos/Codeception/module-asserts/zipball/32e5be519faaeb60ed3692383dcd1b3390ec2667","type":"zip","shasum":"","reference":"32e5be519faaeb60ed3692383dcd1b3390ec2667"},"time":"2020-08-28T08:06:29+00:00","require":{"php":">=5.6.0 <8.0","codeception/lib-asserts":"^1.13.1","codeception/codeception":"*@dev"},"require-dev":{"codeception/util-robohelpers":"dev-master"},"support":{"issues":"https://github.com/Codeception/module-asserts/issues","source":"https://github.com/Codeception/module-asserts/tree/master"}},{"homepage":"http://codeception.com/","version":"1.2.1","version_normalized":"1.2.1.0","authors":[{"name":"Michael Bodnarchuk"},{"name":"Gintautas Miselis"}],"source":{"url":"https://github.com/Codeception/module-asserts.git","type":"git","reference":"79f13d05b63f2fceba4d0e78044bab668c9b2a6b"},"dist":{"url":"https://api.github.com/repos/Codeception/module-asserts/zipball/79f13d05b63f2fceba4d0e78044bab668c9b2a6b","type":"zip","shasum":"","reference":"79f13d05b63f2fceba4d0e78044bab668c9b2a6b"},"time":"2020-04-20T07:26:11+00:00","require":{"php":">=5.6.0 <8.0","codeception/lib-asserts":"^1.12.0","codeception/codeception":"*@dev"},"support":{"issues":"https://github.com/Codeception/module-asserts/issues","source":"https://github.com/Codeception/module-asserts/tree/1.2.1"}},{"version":"1.2.0","version_normalized":"1.2.0.0","source":{"url":"https://github.com/Codeception/module-asserts.git","type":"git","reference":"f9bfbb4be4b993f5b315eba9eecaa1b358c2fcd2"},"dist":{"url":"https://api.github.com/repos/Codeception/module-asserts/zipball/f9bfbb4be4b993f5b315eba9eecaa1b358c2fcd2","type":"zip","shasum":"","reference":"f9bfbb4be4b993f5b315eba9eecaa1b358c2fcd2"},"time":"2020-04-18T10:01:11+00:00","require":{"php":">=5.6.0 <8.0","codeception/lib-asserts":"^1.0.0","codeception/codeception":"*@dev"},"support":{"issues":"https://github.com/Codeception/module-asserts/issues","source":"https://github.com/Codeception/module-asserts/tree/master"}},{"version":"1.1.1","version_normalized":"1.1.1.0","source":{"url":"https://github.com/Codeception/module-asserts.git","type":"git","reference":"87c83ca3ccfbc0d79f5effb57e1f82eeaab0cb3e"},"dist":{"url":"https://api.github.com/repos/Codeception/module-asserts/zipball/87c83ca3ccfbc0d79f5effb57e1f82eeaab0cb3e","type":"zip","shasum":"","reference":"87c83ca3ccfbc0d79f5effb57e1f82eeaab0cb3e"},"time":"2019-11-13T17:32:27+00:00"},{"version":"1.1.0","version_normalized":"1.1.0.0","source":{"url":"https://github.com/Codeception/module-asserts.git","type":"git","reference":"c2d161649ba28e3e19f484d522583b7fe7c8b76b"},"dist":{"url":"https://api.github.com/repos/Codeception/module-asserts/zipball/c2d161649ba28e3e19f484d522583b7fe7c8b76b","type":"zip","shasum":"","reference":"c2d161649ba28e3e19f484d522583b7fe7c8b76b"},"time":"2019-11-12T16:44:47+00:00"},{"version":"1.0.0","version_normalized":"1.0.0.0","source":{"url":"https://github.com/Codeception/module-asserts.git","type":"git","reference":"7937afd05502c68cf7e56424f4176b5b8deb4a98"},"dist":{"url":"https://api.github.com/repos/Codeception/module-asserts/zipball/7937afd05502c68cf7e56424f4176b5b8deb4a98","type":"zip","shasum":"","reference":"7937afd05502c68cf7e56424f4176b5b8deb4a98"},"time":"2019-09-19T10:52:13+00:00","require":{"php":">=5.6.0 <8.0","codeception/lib-asserts":"^1.0.0","codeception/codeception":"4.0.x-dev"},"support":{"issues":"https://github.com/Codeception/module-asserts/issues","source":"https://github.com/Codeception/module-asserts/tree/1.0.0"},"conflict":"__unset"}]},"security-advisories":[],"last-modified":"Wed, 20 Jul 2022 11:57:02 GMT"}