{"minified":"composer/2.0","packages":{"symfony/psr-http-message-bridge":[{"name":"symfony/psr-http-message-bridge","description":"PSR HTTP message bridge","keywords":["http","psr-7","http-message","psr-17"],"homepage":"http://symfony.com","version":"v2.1.3","version_normalized":"2.1.3.0","license":["MIT"],"authors":[{"name":"Fabien Potencier","email":"fabien@symfony.com"},{"name":"Symfony Community","homepage":"http://symfony.com/contributors"}],"source":{"url":"https://github.com/symfony/psr-http-message-bridge.git","type":"git","reference":"d444f85dddf65c7e57c58d8e5b3a4dbb593b1840"},"dist":{"url":"https://api.github.com/repos/symfony/psr-http-message-bridge/zipball/d444f85dddf65c7e57c58d8e5b3a4dbb593b1840","type":"zip","shasum":"","reference":"d444f85dddf65c7e57c58d8e5b3a4dbb593b1840"},"type":"symfony-bridge","funding":[{"url":"https://symfony.com/sponsor","type":"custom"},{"url":"https://github.com/fabpot","type":"github"},{"url":"https://tidelift.com/funding/github/packagist/symfony/symfony","type":"tidelift"}],"time":"2022-09-05T10:34:54+00:00","autoload":{"psr-4":{"Symfony\\Bridge\\PsrHttpMessage\\":""},"exclude-from-classmap":["/Tests/"]},"extra":{"branch-alias":{"dev-main":"2.1-dev"}},"require":{"php":">=7.1","psr/http-message":"^1.0","symfony/http-foundation":"^4.4 || ^5.0 || ^6.0"},"require-dev":{"symfony/browser-kit":"^4.4 || ^5.0 || ^6.0","symfony/config":"^4.4 || ^5.0 || ^6.0","symfony/event-dispatcher":"^4.4 || ^5.0 || ^6.0","symfony/framework-bundle":"^4.4 || ^5.0 || ^6.0","symfony/http-kernel":"^4.4 || ^5.0 || ^6.0","symfony/phpunit-bridge":"^5.4@dev || ^6.0","nyholm/psr7":"^1.1","psr/log":"^1.1 || ^2 || ^3"},"suggest":{"nyholm/psr7":"For a super lightweight PSR-7/17 implementation"},"support":{"issues":"https://github.com/symfony/psr-http-message-bridge/issues","source":"https://github.com/symfony/psr-http-message-bridge/tree/v2.1.3"}},{"version":"v2.1.2","version_normalized":"2.1.2.0","source":{"url":"https://github.com/symfony/psr-http-message-bridge.git","type":"git","reference":"22b37c8a3f6b5d94e9cdbd88e1270d96e2f97b34"},"dist":{"url":"https://api.github.com/repos/symfony/psr-http-message-bridge/zipball/22b37c8a3f6b5d94e9cdbd88e1270d96e2f97b34","type":"zip","shasum":"","reference":"22b37c8a3f6b5d94e9cdbd88e1270d96e2f97b34"},"time":"2021-11-05T13:13:39+00:00","support":{"issues":"https://github.com/symfony/psr-http-message-bridge/issues","source":"https://github.com/symfony/psr-http-message-bridge/tree/v2.1.2"}},{"version":"v2.1.1","version_normalized":"2.1.1.0","source":{"url":"https://github.com/symfony/psr-http-message-bridge.git","type":"git","reference":"c9012994c4b4fb23e7c57dd86b763a417a04feba"},"dist":{"url":"https://api.github.com/repos/symfony/psr-http-message-bridge/zipball/c9012994c4b4fb23e7c57dd86b763a417a04feba","type":"zip","shasum":"","reference":"c9012994c4b4fb23e7c57dd86b763a417a04feba"},"time":"2021-07-27T17:25:39+00:00","require":{"php":">=7.1","psr/http-message":"^1.0","symfony/http-foundation":"^4.4 || ^5.0"},"require-dev":{"symfony/browser-kit":"^4.4 || ^5.0","symfony/config":"^4.4 || ^5.0","symfony/event-dispatcher":"^4.4 || ^5.0","symfony/framework-bundle":"^4.4 || ^5.0","symfony/http-kernel":"^4.4 || ^5.0","symfony/phpunit-bridge":"^4.4.19 || ^5.2","nyholm/psr7":"^1.1","psr/log":"^1.1 || ^2 || ^3"},"support":{"issues":"https://github.com/symfony/psr-http-message-bridge/issues","source":"https://github.com/symfony/psr-http-message-bridge/tree/v2.1.1"}},{"version":"v2.1.0","version_normalized":"2.1.0.0","source":{"url":"https://github.com/symfony/psr-http-message-bridge.git","type":"git","reference":"81db2d4ae86e9f0049828d9343a72b9523884e5d"},"dist":{"url":"https://api.github.com/repos/symfony/psr-http-message-bridge/zipball/81db2d4ae86e9f0049828d9343a72b9523884e5d","type":"zip","shasum":"","reference":"81db2d4ae86e9f0049828d9343a72b9523884e5d"},"time":"2021-02-17T10:35:25+00:00","require-dev":{"symfony/browser-kit":"^4.4 || ^5.0","symfony/config":"^4.4 || ^5.0","symfony/event-dispatcher":"^4.4 || ^5.0","symfony/framework-bundle":"^4.4 || ^5.0","symfony/http-kernel":"^4.4 || ^5.0","symfony/phpunit-bridge":"^4.4.19 || ^5.2","nyholm/psr7":"^1.1","psr/log":"^1.1"},"support":{"issues":"https://github.com/symfony/psr-http-message-bridge/issues","source":"https://github.com/symfony/psr-http-message-bridge/tree/v2.1.0"}},{"version":"v2.0.2","version_normalized":"2.0.2.0","source":{"url":"https://github.com/symfony/psr-http-message-bridge.git","type":"git","reference":"51a21cb3ba3927d4b4bf8f25cc55763351af5f2e"},"dist":{"url":"https://api.github.com/repos/symfony/psr-http-message-bridge/zipball/51a21cb3ba3927d4b4bf8f25cc55763351af5f2e","type":"zip","shasum":"","reference":"51a21cb3ba3927d4b4bf8f25cc55763351af5f2e"},"time":"2020-09-29T08:17:46+00:00","extra":{"branch-alias":{"dev-master":"2.0-dev"}},"require-dev":{"symfony/phpunit-bridge":"^4.4 || ^5.0","nyholm/psr7":"^1.1"},"support":{"issues":"https://github.com/symfony/psr-http-message-bridge/issues","source":"https://github.com/symfony/psr-http-message-bridge/tree/v2.0.2"}},{"version":"v2.0.1","version_normalized":"2.0.1.0","source":{"url":"https://github.com/symfony/psr-http-message-bridge.git","type":"git","reference":"e44f249afab496b4e8c0f7461fb8140eaa4b24d2"},"dist":{"url":"https://api.github.com/repos/symfony/psr-http-message-bridge/zipball/e44f249afab496b4e8c0f7461fb8140eaa4b24d2","type":"zip","shasum":"","reference":"e44f249afab496b4e8c0f7461fb8140eaa4b24d2"},"time":"2020-06-25T08:21:47+00:00","support":{"issues":"https://github.com/symfony/psr-http-message-bridge/issues","source":"https://github.com/symfony/psr-http-message-bridge/tree/master"}},{"version":"v2.0.0","version_normalized":"2.0.0.0","source":{"url":"https://github.com/symfony/psr-http-message-bridge.git","type":"git","reference":"ce709cd9c90872c08c2427b45739d5f3c781ab4f"},"dist":{"url":"https://api.github.com/repos/symfony/psr-http-message-bridge/zipball/ce709cd9c90872c08c2427b45739d5f3c781ab4f","type":"zip","shasum":"","reference":"ce709cd9c90872c08c2427b45739d5f3c781ab4f"},"time":"2020-01-02T08:07:11+00:00","require":{"php":"^7.1","psr/http-message":"^1.0","symfony/http-foundation":"^4.4 || ^5.0"},"funding":"__unset"},{"version":"v1.3.0","version_normalized":"1.3.0.0","source":{"url":"https://github.com/symfony/psr-http-message-bridge.git","type":"git","reference":"9d3e80d54d9ae747ad573cad796e8e247df7b796"},"dist":{"url":"https://api.github.com/repos/symfony/psr-http-message-bridge/zipball/9d3e80d54d9ae747ad573cad796e8e247df7b796","type":"zip","shasum":"","reference":"9d3e80d54d9ae747ad573cad796e8e247df7b796"},"time":"2019-11-25T19:33:50+00:00","extra":{"branch-alias":{"dev-master":"1.3-dev"}},"require-dev":{"symfony/phpunit-bridge":"^4.4 || ^5.0","nyholm/psr7":"^1.1","zendframework/zend-diactoros":"^1.4.1 || ^2.0"}},{"version":"v1.2.0","version_normalized":"1.2.0.0","authors":[{"name":"Symfony Community","homepage":"http://symfony.com/contributors"},{"name":"Fabien Potencier","email":"fabien@symfony.com"}],"source":{"url":"https://github.com/symfony/psr-http-message-bridge.git","type":"git","reference":"9ab9d71f97d5c7d35a121a7fb69f74fee95cd0ad"},"dist":{"url":"https://api.github.com/repos/symfony/psr-http-message-bridge/zipball/9ab9d71f97d5c7d35a121a7fb69f74fee95cd0ad","type":"zip","shasum":"","reference":"9ab9d71f97d5c7d35a121a7fb69f74fee95cd0ad"},"time":"2019-03-11T18:22:33+00:00","extra":{"branch-alias":{"dev-master":"1.2-dev"}},"require":{"php":"^7.1","psr/http-message":"^1.0","symfony/http-foundation":"^3.4 || ^4.0"},"require-dev":{"symfony/phpunit-bridge":"^3.4.20 || ^4.0","nyholm/psr7":"^1.1","zendframework/zend-diactoros":"^1.4.1 || ^2.0"}},{"version":"v1.1.2","version_normalized":"1.1.2.0","source":{"url":"https://github.com/symfony/psr-http-message-bridge.git","type":"git","reference":"a33352af16f78a5ff4f9d90811536abf210df12b"},"dist":{"url":"https://api.github.com/repos/symfony/psr-http-message-bridge/zipball/a33352af16f78a5ff4f9d90811536abf210df12b","type":"zip","shasum":"","reference":"a33352af16f78a5ff4f9d90811536abf210df12b"},"time":"2019-04-03T17:09:40+00:00","extra":{"branch-alias":{"dev-master":"1.1-dev"}},"require":{"php":"^5.3.3 || ^7.0","psr/http-message":"^1.0","symfony/http-foundation":"^2.3.42 || ^3.4 || ^4.0"},"require-dev":{"symfony/phpunit-bridge":"^3.4 || ^4.0"},"support":{"issues":"https://github.com/symfony/psr-http-message-bridge/issues","source":"https://github.com/symfony/psr-http-message-bridge/tree/v1.1.2"}},{"version":"v1.1.1","version_normalized":"1.1.1.0","source":{"url":"https://github.com/symfony/psr-http-message-bridge.git","type":"git","reference":"921f8669c36ea0148d2520c0bb7838cda14879e0"},"dist":{"url":"https://api.github.com/repos/symfony/psr-http-message-bridge/zipball/921f8669c36ea0148d2520c0bb7838cda14879e0","type":"zip","shasum":"","reference":"921f8669c36ea0148d2520c0bb7838cda14879e0"},"time":"2019-03-11T15:23:15+00:00","require-dev":{"symfony/phpunit-bridge":"^3.4 || ^4.0","nyholm/psr7":"^1.1"},"support":{"issues":"https://github.com/symfony/psr-http-message-bridge/issues","source":"https://github.com/symfony/psr-http-message-bridge/tree/master"}},{"keywords":["http","psr-7","http-message"],"version":"v1.1.0","version_normalized":"1.1.0.0","source":{"url":"https://github.com/symfony/psr-http-message-bridge.git","type":"git","reference":"53c15a6a7918e6c2ab16ae370ea607fb40cab196"},"dist":{"url":"https://api.github.com/repos/symfony/psr-http-message-bridge/zipball/53c15a6a7918e6c2ab16ae370ea607fb40cab196","type":"zip","shasum":"","reference":"53c15a6a7918e6c2ab16ae370ea607fb40cab196"},"time":"2018-08-30T16:28:28+00:00","autoload":{"psr-4":{"Symfony\\Bridge\\PsrHttpMessage\\":""}},"require-dev":{"symfony/phpunit-bridge":"^3.4 || 4.0"},"suggest":{"psr/http-message-implementation":"To use the HttpFoundation factory","zendframework/zend-diactoros":"To use the Zend Diactoros factory","psr/http-factory-implementation":"To use the PSR-17 factory"}},{"version":"v1.0.2","version_normalized":"1.0.2.0","source":{"url":"https://github.com/symfony/psr-http-message-bridge.git","type":"git","reference":"c2b757934f2d9681a287e662efbc27c41fe8ef86"},"dist":{"url":"https://api.github.com/repos/symfony/psr-http-message-bridge/zipball/c2b757934f2d9681a287e662efbc27c41fe8ef86","type":"zip","shasum":"","reference":"c2b757934f2d9681a287e662efbc27c41fe8ef86"},"time":"2017-12-19T00:31:44+00:00","extra":{"branch-alias":{"dev-master":"1.0-dev"}},"require":{"php":">=5.3.3","psr/http-message":"~1.0","symfony/http-foundation":"~2.3|~3.0|~4.0"},"require-dev":{"symfony/phpunit-bridge":"~3.2|4.0"},"suggest":{"psr/http-message-implementation":"To use the HttpFoundation factory","zendframework/zend-diactoros":"To use the Zend Diactoros factory"}},{"version":"v1.0.1","version_normalized":"1.0.1.0","source":{"url":"https://github.com/symfony/psr-http-message-bridge.git","type":"git","reference":"b2098405d8644f6dc4c36febcee6a77c0fdecdff"},"dist":{"url":"https://api.github.com/repos/symfony/psr-http-message-bridge/zipball/b2098405d8644f6dc4c36febcee6a77c0fdecdff","type":"zip","shasum":"","reference":"b2098405d8644f6dc4c36febcee6a77c0fdecdff"},"time":"2017-07-23T09:13:43+00:00"},{"version":"v1.0.0","version_normalized":"1.0.0.0","source":{"url":"https://github.com/symfony/psr-http-message-bridge.git","type":"git","reference":"66085f246d3893cbdbcec5f5ad15ac60546cf0de"},"dist":{"url":"https://api.github.com/repos/symfony/psr-http-message-bridge/zipball/66085f246d3893cbdbcec5f5ad15ac60546cf0de","type":"zip","shasum":"","reference":"66085f246d3893cbdbcec5f5ad15ac60546cf0de"},"time":"2016-09-14T18:37:20+00:00","require":{"php":">=5.3.3","psr/http-message":"~1.0","symfony/http-foundation":"~2.3|~3.0"},"require-dev":{"symfony/phpunit-bridge":"~2.7|~3.0"}},{"version":"v0.4","version_normalized":"0.4.0.0","source":{"url":"https://github.com/symfony/psr-http-message-bridge.git","type":"git","reference":"1c30b1781a5497ba0330769c7ddeb649d9e2f51e"},"dist":{"url":"https://api.github.com/repos/symfony/psr-http-message-bridge/zipball/1c30b1781a5497ba0330769c7ddeb649d9e2f51e","type":"zip","shasum":"","reference":"1c30b1781a5497ba0330769c7ddeb649d9e2f51e"},"time":"2016-09-13T23:40:43+00:00","extra":"__unset"},{"version":"v0.3","version_normalized":"0.3.0.0","source":{"url":"https://github.com/symfony/psr-http-message-bridge.git","type":"git","reference":"7a5aa925c686fb8a6de909d0562fdb17502dcc76"},"dist":{"url":"https://api.github.com/repos/symfony/psr-http-message-bridge/zipball/7a5aa925c686fb8a6de909d0562fdb17502dcc76","type":"zip","shasum":"","reference":"7a5aa925c686fb8a6de909d0562fdb17502dcc76"},"time":"2016-08-18T14:44:25+00:00"},{"version":"v0.2","version_normalized":"0.2.0.0","source":{"url":"https://github.com/symfony/psr-http-message-bridge.git","type":"git","reference":"dc7e308e1dc2898a46776e2221a643cb08315453"},"dist":{"url":"https://api.github.com/repos/symfony/psr-http-message-bridge/zipball/dc7e308e1dc2898a46776e2221a643cb08315453","type":"zip","shasum":"","reference":"dc7e308e1dc2898a46776e2221a643cb08315453"},"time":"2015-05-29T17:57:12+00:00","suggest":{"zendframework/zend-diactoros":"To use the Zend Diactoros factory"}},{"version":"v0.1","version_normalized":"0.1.0.0"}]},"security-advisories":[],"last-modified":"Mon, 05 Sep 2022 10:36:02 GMT"}