<?xml version="1.0" encoding="UTF-8" ?>

<container xmlns="http://symfony.com/schema/dic/services"
           xmlns:xsi="http://www.w3.org/2001/XMLSchema-instance"
           xsi:schemaLocation="http://symfony.com/schema/dic/services http://symfony.com/schema/dic/services/services-1.0.xsd">
    <services>
        <!-- The league repositories -->
        <service id="Trikoder\Bundle\OAuth2Bundle\League\Repository\ClientRepository">
            <argument type="service" id="Trikoder\Bundle\OAuth2Bundle\Manager\ClientManagerInterface" />
        </service>
        <service id="trikoder.oauth2.league.repository.client_repository" alias="Trikoder\Bundle\OAuth2Bundle\League\Repository\ClientRepository" />
        <service id="League\OAuth2\Server\Repositories\ClientRepositoryInterface" alias="Trikoder\Bundle\OAuth2Bundle\League\Repository\ClientRepository" />

        <service id="Trikoder\Bundle\OAuth2Bundle\League\Repository\AccessTokenRepository">
            <argument type="service" id="Trikoder\Bundle\OAuth2Bundle\Manager\AccessTokenManagerInterface" />
            <argument type="service" id="Trikoder\Bundle\OAuth2Bundle\Manager\ClientManagerInterface" />
            <argument type="service" id="Trikoder\Bundle\OAuth2Bundle\Converter\ScopeConverter" />
        </service>
        <service id="trikoder.oauth2.league.repository.access_token_repository" alias="Trikoder\Bundle\OAuth2Bundle\League\Repository\AccessTokenRepository" />
        <service id="League\OAuth2\Server\Repositories\AccessTokenRepositoryInterface" alias="Trikoder\Bundle\OAuth2Bundle\League\Repository\AccessTokenRepository" />

        <service id="Trikoder\Bundle\OAuth2Bundle\League\Repository\RefreshTokenRepository">
            <argument type="service" id="Trikoder\Bundle\OAuth2Bundle\Manager\RefreshTokenManagerInterface" />
            <argument type="service" id="Trikoder\Bundle\OAuth2Bundle\Manager\AccessTokenManagerInterface" />
        </service>
        <service id="trikoder.oauth2.league.repository.refresh_token_repository" alias="Trikoder\Bundle\OAuth2Bundle\League\Repository\RefreshTokenRepository" />
        <service id="League\OAuth2\Server\Repositories\RefreshTokenRepositoryInterface" alias="Trikoder\Bundle\OAuth2Bundle\League\Repository\RefreshTokenRepository" />

        <service id="Trikoder\Bundle\OAuth2Bundle\League\Repository\ScopeRepository">
            <argument type="service" id="Trikoder\Bundle\OAuth2Bundle\Manager\ScopeManagerInterface" />
            <argument type="service" id="Trikoder\Bundle\OAuth2Bundle\Manager\ClientManagerInterface" />
            <argument type="service" id="Trikoder\Bundle\OAuth2Bundle\Converter\ScopeConverter" />
            <argument type="service" id="Symfony\Component\EventDispatcher\EventDispatcherInterface" />
        </service>
        <service id="trikoder.oauth2.league.repository.scope_repository" alias="Trikoder\Bundle\OAuth2Bundle\League\Repository\ScopeRepository" />
        <service id="League\OAuth2\Server\Repositories\ScopeRepositoryInterface" alias="Trikoder\Bundle\OAuth2Bundle\League\Repository\ScopeRepository" />

        <service id="Trikoder\Bundle\OAuth2Bundle\League\Repository\UserRepository">
            <argument type="service" id="Trikoder\Bundle\OAuth2Bundle\Manager\ClientManagerInterface" />
            <argument type="service" id="Symfony\Component\EventDispatcher\EventDispatcherInterface" />
            <argument type="service" id="Trikoder\Bundle\OAuth2Bundle\Converter\UserConverter" />
        </service>
        <service id="trikoder.oauth2.league.repository.user_repository" alias="Trikoder\Bundle\OAuth2Bundle\League\Repository\UserRepository" />
        <service id="League\OAuth2\Server\Repositories\UserRepositoryInterface" alias="Trikoder\Bundle\OAuth2Bundle\League\Repository\UserRepository" />

        <service id="Trikoder\Bundle\OAuth2Bundle\League\Repository\AuthCodeRepository">
            <argument type="service" id="Trikoder\Bundle\OAuth2Bundle\Manager\AuthorizationCodeManagerInterface" />
            <argument type="service" id="Trikoder\Bundle\OAuth2Bundle\Manager\ClientManagerInterface" />
            <argument type="service" id="Trikoder\Bundle\OAuth2Bundle\Converter\ScopeConverter" />
        </service>
        <service id="trikoder.oauth2.league.repository.auth_code_repository" alias="Trikoder\Bundle\OAuth2Bundle\League\Repository\AuthCodeRepository" />
        <service id="League\OAuth2\Server\Repositories\AuthCodeRepositoryInterface" alias="Trikoder\Bundle\OAuth2Bundle\League\Repository\AuthCodeRepository" />

        <!-- Security layer -->
        <service id="Trikoder\Bundle\OAuth2Bundle\Security\Authentication\Provider\OAuth2Provider">
            <argument key="$userProvider" />
            <argument key="$resourceServer" type="service" id="League\OAuth2\Server\ResourceServer" />
            <argument key="$oauth2TokenFactory" type="service" id="Trikoder\Bundle\OAuth2Bundle\Security\Authentication\Token\OAuth2TokenFactory" />
        </service>
        <service id="trikoder.oauth2.security.authentication.provider.oauth2_provider" alias="Trikoder\Bundle\OAuth2Bundle\Security\Authentication\Provider\OAuth2Provider" />

        <service id="Trikoder\Bundle\OAuth2Bundle\Security\EntryPoint\OAuth2EntryPoint" />
        <service id="trikoder.oauth2.security.entry_point.oauth2_entry_point" alias="Trikoder\Bundle\OAuth2Bundle\Security\EntryPoint\OAuth2EntryPoint" />

        <service id="Trikoder\Bundle\OAuth2Bundle\Security\Firewall\OAuth2Listener">
            <argument type="service" id="security.token_storage" />
            <argument type="service" id="security.authentication.manager" />
            <argument type="service" id="sensio_framework_extra.psr7.http_message_factory" />
            <argument key="$oauth2TokenFactory" type="service" id="Trikoder\Bundle\OAuth2Bundle\Security\Authentication\Token\OAuth2TokenFactory" />
        </service>
        <service id="trikoder.oauth2.security.firewall.oauth2_listener" alias="Trikoder\Bundle\OAuth2Bundle\Security\Firewall\OAuth2Listener" />

        <!-- The league authorization server -->
        <service id="League\OAuth2\Server\AuthorizationServer">
            <argument key="$clientRepository" type="service" id="League\OAuth2\Server\Repositories\ClientRepositoryInterface" />
            <argument key="$accessTokenRepository" type="service" id="League\OAuth2\Server\Repositories\AccessTokenRepositoryInterface" />
            <argument key="$scopeRepository" type="service" id="League\OAuth2\Server\Repositories\ScopeRepositoryInterface" />
            <argument key="$privateKey" />
            <argument key="$encryptionKey" />
        </service>
        <service id="league.oauth2.server.authorization_server" alias="League\OAuth2\Server\AuthorizationServer" />

        <!-- The league resource server -->
        <service id="League\OAuth2\Server\ResourceServer">
            <argument key="$accessTokenRepository" type="service" id="League\OAuth2\Server\Repositories\AccessTokenRepositoryInterface" />
            <argument key="$publicKey" />
        </service>
        <service id="league.oauth2.server.resource_server" alias="League\OAuth2\Server\ResourceServer" />

        <!-- The league authorization server grants -->
        <service id="League\OAuth2\Server\Grant\ClientCredentialsGrant" />
        <service id="league.oauth2.server.grant.client_credentials_grant" alias="League\OAuth2\Server\Grant\ClientCredentialsGrant" />

        <service id="League\OAuth2\Server\Grant\PasswordGrant">
            <argument type="service" id="League\OAuth2\Server\Repositories\UserRepositoryInterface" />
            <argument type="service" id="League\OAuth2\Server\Repositories\RefreshTokenRepositoryInterface" />
        </service>
        <service id="league.oauth2.server.grant.password_grant" alias="League\OAuth2\Server\Grant\PasswordGrant" />

        <service id="League\OAuth2\Server\Grant\RefreshTokenGrant">
            <argument type="service" id="League\OAuth2\Server\Repositories\RefreshTokenRepositoryInterface" />
        </service>
        <service id="league.oauth2.server.grant.refresh_token_grant" alias="League\OAuth2\Server\Grant\RefreshTokenGrant" />

        <service id="League\OAuth2\Server\Grant\AuthCodeGrant">
            <argument type="service" id="League\OAuth2\Server\Repositories\AuthCodeRepositoryInterface" />
            <argument type="service" id="League\OAuth2\Server\Repositories\RefreshTokenRepositoryInterface" />
            <argument key="$authCodeTTL" />
        </service>
        <service id="league.oauth2.server.grant.auth_code_grant" alias="League\OAuth2\Server\Grant\AuthCodeGrant" />

        <service id="League\OAuth2\Server\Grant\ImplicitGrant">
            <argument key="$accessTokenTTL" />
        </service>
        <service id="league.oauth2.server.grant.implicit_grant" alias="League\OAuth2\Server\Grant\ImplicitGrant" />

        <!-- Authorization controller -->
        <service id="Trikoder\Bundle\OAuth2Bundle\Controller\AuthorizationController">
            <argument type="service" id="League\OAuth2\Server\AuthorizationServer" />
            <argument type="service" id="Symfony\Component\EventDispatcher\EventDispatcherInterface" />
            <argument type="service" id="Trikoder\Bundle\OAuth2Bundle\Event\AuthorizationRequestResolveEventFactory" />
            <argument type="service" id="Trikoder\Bundle\OAuth2Bundle\Converter\UserConverter" />
            <tag name="controller.service_arguments" />
        </service>
        <service id="trikoder.oauth2.controller.authorization_controller" alias="Trikoder\Bundle\OAuth2Bundle\Controller\AuthorizationController" />

        <!-- Authorization listeners -->
        <service id="Trikoder\Bundle\OAuth2Bundle\EventListener\AuthorizationRequestUserResolvingListener">
            <argument type="service" id="Symfony\Component\Security\Core\Security" />
            <tag name="kernel.event_listener" event="trikoder.oauth2.authorization_request_resolve" method="onAuthorizationRequest" priority="1024" />
        </service>
        <service id="trikoder.oauth2.event_listener.authorization.user" alias="Trikoder\Bundle\OAuth2Bundle\EventListener\AuthorizationRequestUserResolvingListener" />

        <service id="Trikoder\Bundle\OAuth2Bundle\EventListener\ConvertExceptionToResponseListener" />
        <service id="trikoder.oauth2.event_listener.authorization.convert_to_response" alias="Trikoder\Bundle\OAuth2Bundle\EventListener\ConvertExceptionToResponseListener" />

        <!-- Token controller -->
        <service id="Trikoder\Bundle\OAuth2Bundle\Controller\TokenController">
            <argument type="service" id="League\OAuth2\Server\AuthorizationServer" />
            <tag name="controller.service_arguments" />
        </service>
        <service id="trikoder.oauth2.controller.token_controller" alias="Trikoder\Bundle\OAuth2Bundle\Controller\TokenController" />

        <!-- Commands -->
        <service id="Trikoder\Bundle\OAuth2Bundle\Command\CreateClientCommand">
            <argument type="service" id="Trikoder\Bundle\OAuth2Bundle\Manager\ClientManagerInterface" />
            <tag name="console.command" />
        </service>
        <service id="trikoder.oauth2.command.create_client_command" alias="Trikoder\Bundle\OAuth2Bundle\Command\CreateClientCommand" />

        <service id="Trikoder\Bundle\OAuth2Bundle\Command\UpdateClientCommand">
            <argument type="service" id="Trikoder\Bundle\OAuth2Bundle\Manager\ClientManagerInterface" />
            <tag name="console.command" />
        </service>
        <service id="trikoder.oauth2.command.update_client_command" alias="Trikoder\Bundle\OAuth2Bundle\Command\UpdateClientCommand" />

        <service id="Trikoder\Bundle\OAuth2Bundle\Command\DeleteClientCommand">
            <argument type="service" id="Trikoder\Bundle\OAuth2Bundle\Manager\ClientManagerInterface" />
            <tag name="console.command" />
        </service>
        <service id="trikoder.oauth2.command.delete_client_command" alias="Trikoder\Bundle\OAuth2Bundle\Command\DeleteClientCommand" />

        <service id="Trikoder\Bundle\OAuth2Bundle\Command\ListClientsCommand">
            <argument type="service" id="Trikoder\Bundle\OAuth2Bundle\Manager\ClientManagerInterface" />
            <tag name="console.command" />
        </service>
        <service id="trikoder.oauth2.command.list_clients_command" alias="Trikoder\Bundle\OAuth2Bundle\Command\ListClientsCommand" />

        <service id="Trikoder\Bundle\OAuth2Bundle\Command\ClearExpiredTokensCommand">
            <argument type="service" id="Trikoder\Bundle\OAuth2Bundle\Manager\AccessTokenManagerInterface" />
            <argument type="service" id="Trikoder\Bundle\OAuth2Bundle\Manager\RefreshTokenManagerInterface" />
            <tag name="console.command" />
        </service>
        <service id="trikoder.oauth2.command.clear_expired_tokens_command" alias="Trikoder\Bundle\OAuth2Bundle\Command\ClearExpiredTokensCommand" />

        <!-- Utility services -->
        <service id="Trikoder\Bundle\OAuth2Bundle\Converter\UserConverter" />
        <service id="trikoder.oauth2.converter.user_converter" alias="Trikoder\Bundle\OAuth2Bundle\Converter\UserConverter" />
        <service id="Trikoder\Bundle\OAuth2Bundle\Converter\UserConverterInterface" alias="Trikoder\Bundle\OAuth2Bundle\Converter\UserConverter" />

        <service id="Trikoder\Bundle\OAuth2Bundle\Converter\ScopeConverter" />
        <service id="trikoder.oauth2.converter.scope_converter" alias="Trikoder\Bundle\OAuth2Bundle\Converter\ScopeConverter" />
        <service id="Trikoder\Bundle\OAuth2Bundle\Converter\ScopeConverterInterface" alias="Trikoder\Bundle\OAuth2Bundle\Converter\ScopeConverter" />

        <service id="Trikoder\Bundle\OAuth2Bundle\Event\AuthorizationRequestResolveEventFactory">
            <argument type="service" id="Trikoder\Bundle\OAuth2Bundle\Converter\ScopeConverter" />
            <argument type="service" id="Trikoder\Bundle\OAuth2Bundle\Manager\ClientManagerInterface" />
        </service>
        <service id="trikoder.oauth2.event.authorization_request_resolve_event_factory" alias="Trikoder\Bundle\OAuth2Bundle\Event\AuthorizationRequestResolveEventFactory" />

        <service id="Trikoder\Bundle\OAuth2Bundle\Security\Authentication\Token\OAuth2TokenFactory">
            <argument type="string" />
        </service>
    </services>
</container>
