<?xml version="1.0" encoding="UTF-8" ?>

<container xmlns="http://symfony.com/schema/dic/services"
           xmlns:xsi="http://www.w3.org/2001/XMLSchema-instance"
           xsi:schemaLocation="http://symfony.com/schema/dic/services http://symfony.com/schema/dic/services/services-1.0.xsd">
    <services>
        <!-- Aliases -->
        <service id="Trikoder\Bundle\OAuth2Bundle\Manager\ClientManagerInterface" alias="Trikoder\Bundle\OAuth2Bundle\Manager\Doctrine\ClientManager" />
        <service id="Trikoder\Bundle\OAuth2Bundle\Manager\AccessTokenManagerInterface" alias="Trikoder\Bundle\OAuth2Bundle\Manager\Doctrine\AccessTokenManager" />
        <service id="Trikoder\Bundle\OAuth2Bundle\Manager\RefreshTokenManagerInterface" alias="Trikoder\Bundle\OAuth2Bundle\Manager\Doctrine\RefreshTokenManager" />
        <service id="Trikoder\Bundle\OAuth2Bundle\Manager\ScopeManagerInterface" alias="Trikoder\Bundle\OAuth2Bundle\Manager\InMemory\ScopeManager" />
        <service id="Trikoder\Bundle\OAuth2Bundle\Manager\AuthorizationCodeManagerInterface" alias="Trikoder\Bundle\OAuth2Bundle\Manager\Doctrine\AuthorizationCodeManager" />

        <!-- Services -->
        <service id="Trikoder\Bundle\OAuth2Bundle\Manager\Doctrine\ClientManager">
            <argument key="$entityManager" />
        </service>
        <service id="trikoder.oauth2.manager.doctrine.client_manager" alias="Trikoder\Bundle\OAuth2Bundle\Manager\Doctrine\ClientManager" />

        <service id="Trikoder\Bundle\OAuth2Bundle\Manager\Doctrine\AccessTokenManager">
            <argument key="$entityManager" />
        </service>
        <service id="trikoder.oauth2.manager.doctrine.access_token_manager" alias="Trikoder\Bundle\OAuth2Bundle\Manager\Doctrine\AccessTokenManager" />

        <service id="Trikoder\Bundle\OAuth2Bundle\Manager\Doctrine\RefreshTokenManager">
            <argument key="$entityManager" />
        </service>
        <service id="trikoder.oauth2.manager.doctrine.refresh_token_manager" alias="Trikoder\Bundle\OAuth2Bundle\Manager\Doctrine\RefreshTokenManager" />

        <service id="Trikoder\Bundle\OAuth2Bundle\Manager\InMemory\ScopeManager" />
        <service id="trikoder.oauth2.manager.in_memory.scope_manager" class="Trikoder\Bundle\OAuth2Bundle\Manager\InMemory\ScopeManager" />

        <service id="Trikoder\Bundle\OAuth2Bundle\Manager\Doctrine\AuthorizationCodeManager">
            <argument key="$entityManager" />
        </service>
        <service id="trikoder.oauth2.manager.doctrine.authorization_code_manager" alias="Trikoder\Bundle\OAuth2Bundle\Manager\Doctrine\AuthorizationCodeManager" />
    </services>
</container>
