{"packages":{"ec-cube/coupon4":{"4.1.1":{"name":"ec-cube/coupon4","version":"4.1.1","description":"Coupon Plugin for EC-CUBE4","type":"eccube-plugin","extra":{"code":"Coupon4","id":1923},"require":{"ec-cube/plugin-installer":"~0.0.4 || ^2.0"},"dist":{"type":"tar","url":"https://package-api-c2.ec-cube.net/ec-cube/coupon4/4.1.1/Coupon4-4.1.1.tgz"}},"4.0.2":{"name":"ec-cube/coupon4","version":"4.0.2","description":"Coupon Plugin for EC-CUBE4","type":"eccube-plugin","extra":{"code":"Coupon4","id":1923},"require":{"ec-cube/plugin-installer":"~0.0.4"},"dist":{"type":"tar","url":"https://package-api-c2.ec-cube.net/ec-cube/coupon4/4.0.2/Coupon4-4.0.2.tgz"}},"4.0.3":{"name":"ec-cube/coupon4","version":"4.0.3","description":"Coupon Plugin for EC-CUBE4","type":"eccube-plugin","extra":{"code":"Coupon4","id":1923},"require":{"ec-cube/plugin-installer":"~0.0.4"},"dist":{"type":"tar","url":"https://package-api-c2.ec-cube.net/ec-cube/coupon4/4.0.3/Coupon4-4.0.3.tgz"}},"4.0.0":{"name":"ec-cube/coupon4","version":"4.0.0","description":"Coupon Plugin for EC-CUBE4","type":"eccube-plugin","extra":{"code":"Coupon4","id":1923},"require":{"ec-cube/plugin-installer":"~0.0.4"},"dist":{"type":"tar","url":"https://package-api-c2.ec-cube.net/ec-cube/coupon4/4.0.0/Coupon4-4.0.0.tgz"}},"4.0.1":{"name":"ec-cube/coupon4","version":"4.0.1","description":"Coupon Plugin for EC-CUBE4","type":"eccube-plugin","extra":{"code":"Coupon4","id":1923},"require":{"ec-cube/plugin-installer":"~0.0.4"},"dist":{"type":"tar","url":"https://package-api-c2.ec-cube.net/ec-cube/coupon4/4.0.1/Coupon4-4.0.1.tgz"}},"4.0.6":{"name":"ec-cube/coupon4","version":"4.0.6","description":"Coupon Plugin for EC-CUBE4","type":"eccube-plugin","extra":{"code":"Coupon4","id":1923},"require":{"ec-cube/plugin-installer":"~0.0.4"},"dist":{"type":"tar","url":"https://package-api-c2.ec-cube.net/ec-cube/coupon4/4.0.6/Coupon4-4.0.6.tgz"}},"4.0.7":{"name":"ec-cube/coupon4","version":"4.0.7","description":"Coupon Plugin for EC-CUBE4","type":"eccube-plugin","extra":{"code":"Coupon4","id":1923},"require":{"ec-cube/plugin-installer":"~0.0.4"},"dist":{"type":"tar","url":"https://package-api-c2.ec-cube.net/ec-cube/coupon4/4.0.7/Coupon4-4.0.7.tgz"}},"4.0.4":{"name":"ec-cube/coupon4","version":"4.0.4","description":"Coupon Plugin for EC-CUBE4","type":"eccube-plugin","extra":{"code":"Coupon4","id":1923},"require":{"ec-cube/plugin-installer":"~0.0.4"},"dist":{"type":"tar","url":"https://package-api-c2.ec-cube.net/ec-cube/coupon4/4.0.4/Coupon4-4.0.4.tgz"}},"4.0.5":{"name":"ec-cube/coupon4","version":"4.0.5","description":"Coupon Plugin for EC-CUBE4","type":"eccube-plugin","extra":{"code":"Coupon4","id":1923},"require":{"ec-cube/plugin-installer":"~0.0.4"},"dist":{"type":"tar","url":"https://package-api-c2.ec-cube.net/ec-cube/coupon4/4.0.5/Coupon4-4.0.5.tgz"}}},"ec-cube/recommend4":{"4.0.0":{"name":"ec-cube/recommend4","version":"4.0.0","description":"おすすめ商品管理プラグイン","type":"eccube-plugin","require":{"ec-cube/plugin-installer":"~0.0.4"},"extra":{"code":"Recommend4","id":1757},"dist":{"type":"tar","url":"https://package-api-c2.ec-cube.net/ec-cube/recommend4/4.0.0/Recommend4-4.0.0.tgz"}},"4.1.0":{"name":"ec-cube/recommend4","version":"4.1.0","description":"おすすめ商品管理プラグイン","type":"eccube-plugin","require":{"ec-cube/plugin-installer":"~0.0.6 || ^2.0"},"extra":{"code":"Recommend4","id":1757},"dist":{"type":"tar","url":"https://package-api-c2.ec-cube.net/ec-cube/recommend4/4.1.0/Recommend4-4.1.0.tgz"}}},"ec-cube/sitekit":{"1.1.2":{"name":"ec-cube/sitekit","version":"1.1.2","description":"Site Kit プラグイン","type":"eccube-plugin","require":{"ec-cube/plugin-installer":"~0.0.7 || ^2.0","google/apiclient":"^2.4"},"extra":{"code":"SiteKit","id":2158},"dist":{"type":"tar","url":"https://package-api-c2.ec-cube.net/ec-cube/sitekit/1.1.2/SiteKit-1.1.2.tgz"}},"0.9.0":{"name":"ec-cube/sitekit","version":"0.9.0","description":"Site Kit プラグイン","type":"eccube-plugin","require":{"ec-cube/plugin-installer":"~0.0.7","google/apiclient":"^2.4"},"extra":{"code":"SiteKit","id":2158},"dist":{"type":"tar","url":"https://package-api-c2.ec-cube.net/ec-cube/sitekit/0.9.0/SiteKit-0.9.0.tgz"}},"1.0.0":{"name":"ec-cube/sitekit","version":"1.0.0","description":"Site Kit プラグイン","type":"eccube-plugin","require":{"ec-cube/plugin-installer":"~0.0.7","google/apiclient":"^2.4"},"extra":{"code":"SiteKit","id":2158},"dist":{"type":"tar","url":"https://package-api-c2.ec-cube.net/ec-cube/sitekit/1.0.0/SiteKit-1.0.0.tgz"}},"1.1.0":{"name":"ec-cube/sitekit","version":"1.1.0","description":"Site Kit プラグイン","type":"eccube-plugin","require":{"ec-cube/plugin-installer":"~0.0.7 || ^2.0","google/apiclient":"^2.4"},"extra":{"code":"SiteKit","id":2158},"dist":{"type":"tar","url":"https://package-api-c2.ec-cube.net/ec-cube/sitekit/1.1.0/SiteKit-1.1.0.tgz"}}},"ec-cube/gmc":{"1.1.2":{"name":"ec-cube/gmc","version":"1.1.2","description":"Google Merchant Center","type":"eccube-plugin","require":{"ec-cube/plugin-installer":"~0.0.7","ec-cube/Api":"~1.0 || ~2.1"},"extra":{"code":"GMC","id":2144},"dist":{"type":"tar","url":"https://package-api-c2.ec-cube.net/ec-cube/gmc/1.1.2/GMC-1.1.2.tgz"}},"1.0.3":{"name":"ec-cube/gmc","version":"1.0.3","description":"Google Merchant Center","type":"eccube-plugin","require":{"ec-cube/plugin-installer":"~0.0.7","ec-cube/Api":"~1.0"},"extra":{"code":"GMC","id":2144},"dist":{"type":"tar","url":"https://package-api-c2.ec-cube.net/ec-cube/gmc/1.0.3/GMC-1.0.3.tgz"}},"1.1.3":{"name":"ec-cube/gmc","version":"1.1.3","description":"Google Merchant Center","type":"eccube-plugin","require":{"ec-cube/plugin-installer":"~0.0.7 || ^2.0","ec-cube/api":"~1.0 || ~2.1"},"extra":{"code":"GMC","id":2144},"dist":{"type":"tar","url":"https://package-api-c2.ec-cube.net/ec-cube/gmc/1.1.3/GMC-1.1.3.tgz"}},"1.1.5":{"name":"ec-cube/gmc","version":"1.1.5","description":"Google Merchant Center","type":"eccube-plugin","require":{"ec-cube/plugin-installer":"~0.0.7 || ^2.0","ec-cube/api":"~1.0 || ~2.1"},"extra":{"code":"GMC","id":2144},"dist":{"type":"tar","url":"https://package-api-c2.ec-cube.net/ec-cube/gmc/1.1.5/GMC-1.1.5.tgz"}},"1.0.0":{"name":"ec-cube/gmc","version":"1.0.0","description":"Google Merchant Center","type":"eccube-plugin","require":{"ec-cube/plugin-installer":"~0.0.7","ec-cube/Api":"~1.0"},"extra":{"code":"GMC","id":2144},"dist":{"type":"tar","url":"https://package-api-c2.ec-cube.net/ec-cube/gmc/1.0.0/GMC-1.0.0.tgz"}},"1.1.0":{"name":"ec-cube/gmc","version":"1.1.0","description":"Google Merchant Center","type":"eccube-plugin","require":{"ec-cube/plugin-installer":"~0.0.7 || ^2.0","ec-cube/api":"^2.1"},"extra":{"code":"GMC","id":2144},"dist":{"type":"tar","url":"https://package-api-c2.ec-cube.net/ec-cube/gmc/1.1.0/GMC-1.1.0.tgz"}},"1.0.1":{"name":"ec-cube/gmc","version":"1.0.1","description":"Google Merchant Center","type":"eccube-plugin","require":{"ec-cube/plugin-installer":"~0.0.7","ec-cube/Api":"~1.0"},"extra":{"code":"GMC","id":2144},"dist":{"type":"tar","url":"https://package-api-c2.ec-cube.net/ec-cube/gmc/1.0.1/GMC-1.0.1.tgz"}},"1.1.1":{"name":"ec-cube/gmc","version":"1.1.1","description":"Google Merchant Center","type":"eccube-plugin","require":{"ec-cube/plugin-installer":"~0.0.7","ec-cube/Api":"~2.1"},"extra":{"code":"GMC","id":2144},"dist":{"type":"tar","url":"https://package-api-c2.ec-cube.net/ec-cube/gmc/1.1.1/GMC-1.1.1.tgz"}},"1.0.2":{"name":"ec-cube/gmc","version":"1.0.2","description":"Google Merchant Center","type":"eccube-plugin","require":{"ec-cube/plugin-installer":"~0.0.7","ec-cube/Api":"~1.0"},"extra":{"code":"GMC","id":2144},"dist":{"type":"tar","url":"https://package-api-c2.ec-cube.net/ec-cube/gmc/1.0.2/GMC-1.0.2.tgz"}}},"ec-cube/relatedproduct4":{"4.0.0":{"name":"ec-cube/relatedproduct4","version":"4.0.0","description":"関連商品プラグイン","type":"eccube-plugin","require":{"ec-cube/plugin-installer":"~0.0.6"},"extra":{"code":"RelatedProduct4","id":1761},"dist":{"type":"tar","url":"https://package-api-c2.ec-cube.net/ec-cube/relatedproduct4/4.0.0/RelatedProduct4-4.0.0.tgz"}},"4.1.0":{"name":"ec-cube/relatedproduct4","version":"4.1.0","description":"関連商品プラグイン","type":"eccube-plugin","require":{"ec-cube/plugin-installer":"~0.0.6 || ^2.0"},"extra":{"code":"RelatedProduct4","id":1761},"dist":{"type":"tar","url":"https://package-api-c2.ec-cube.net/ec-cube/relatedproduct4/4.1.0/RelatedProduct4-4.1.0.tgz"}},"4.0.1":{"name":"ec-cube/relatedproduct4","version":"4.0.1","description":"関連商品プラグイン","type":"eccube-plugin","require":{"ec-cube/plugin-installer":"~0.0.6"},"extra":{"code":"RelatedProduct4","id":1761},"dist":{"type":"tar","url":"https://package-api-c2.ec-cube.net/ec-cube/relatedproduct4/4.0.1/RelatedProduct4-4.0.1.tgz"}}},"ec-cube/mailmagazine4":{"4.1.1":{"name":"ec-cube/mailmagazine4","version":"4.1.1","description":"メールマガジンプラグイン","type":"eccube-plugin","require":{"ec-cube/plugin-installer":"~0.0.6 || ^2.0"},"extra":{"code":"MailMagazine4","id":1760},"dist":{"type":"tar","url":"https://package-api-c2.ec-cube.net/ec-cube/mailmagazine4/4.1.1/MailMagazine4-4.1.1.tgz"}},"4.0.2":{"name":"ec-cube/mailmagazine4","version":"4.0.2","description":"メールマガジンプラグイン","type":"eccube-plugin","require":{"ec-cube/plugin-installer":"~0.0.6"},"extra":{"code":"MailMagazine4","id":1760},"dist":{"type":"tar","url":"https://package-api-c2.ec-cube.net/ec-cube/mailmagazine4/4.0.2/MailMagazine4-4.0.2.tgz"}},"4.1.2":{"name":"ec-cube/mailmagazine4","version":"4.1.2","description":"メールマガジンプラグイン","type":"eccube-plugin","require":{"ec-cube/plugin-installer":"~0.0.6 || ^2.0"},"extra":{"code":"MailMagazine4","id":1760},"dist":{"type":"tar","url":"https://package-api-c2.ec-cube.net/ec-cube/mailmagazine4/4.1.2/MailMagazine4-4.1.2.tgz"}},"4.0.0":{"name":"ec-cube/mailmagazine4","version":"4.0.0","description":"メールマガジンプラグイン","type":"eccube-plugin","require":{"ec-cube/plugin-installer":"~0.0.6"},"extra":{"code":"MailMagazine4","id":1760},"dist":{"type":"tar","url":"https://package-api-c2.ec-cube.net/ec-cube/mailmagazine4/4.0.0/MailMagazine4-4.0.0.tgz"}},"4.1.0":{"name":"ec-cube/mailmagazine4","version":"4.1.0","description":"メールマガジンプラグイン","type":"eccube-plugin","require":{"ec-cube/plugin-installer":"~0.0.6 || ^2.0"},"extra":{"code":"MailMagazine4","id":1760},"dist":{"type":"tar","url":"https://package-api-c2.ec-cube.net/ec-cube/mailmagazine4/4.1.0/MailMagazine4-4.1.0.tgz"}},"4.0.1":{"name":"ec-cube/mailmagazine4","version":"4.0.1","description":"メールマガジンプラグイン","type":"eccube-plugin","require":{"ec-cube/plugin-installer":"~0.0.6"},"extra":{"code":"MailMagazine4","id":1760},"dist":{"type":"tar","url":"https://package-api-c2.ec-cube.net/ec-cube/mailmagazine4/4.0.1/MailMagazine4-4.0.1.tgz"}},"4.1.3":{"name":"ec-cube/mailmagazine4","version":"4.1.3","description":"メールマガジンプラグイン","type":"eccube-plugin","require":{"ec-cube/plugin-installer":"~0.0.6 || ^2.0"},"extra":{"code":"MailMagazine4","id":1760},"dist":{"type":"tar","url":"https://package-api-c2.ec-cube.net/ec-cube/mailmagazine4/4.1.3/MailMagazine4-4.1.3.tgz"}}},"ec-cube/api":{"2.1.0":{"name":"ec-cube/api","version":"2.1.0","description":"Web API","type":"eccube-plugin","require":{"ec-cube/plugin-installer":"~0.0.6 || ^2.0","trikoder/oauth2-bundle":"^2.1","nyholm/psr7":"^1.2","webonyx/graphql-php":"^14.0"},"extra":{"code":"Api","entity-namespaces":["Trikoder\\Bundle\\OAuth2Bundle\\Model"],"id":2121},"dist":{"type":"tar","url":"https://package-api-c2.ec-cube.net/ec-cube/api/2.1.0/Api-2.1.0.tgz"}},"2.1.3":{"name":"ec-cube/api","version":"2.1.3","description":"Web API","type":"eccube-plugin","require":{"ec-cube/plugin-installer":"~0.0.6 || ^2.0","trikoder/oauth2-bundle":"^2.1","nyholm/psr7":"^1.2","webonyx/graphql-php":"^14.0"},"extra":{"code":"Api","entity-namespaces":["Trikoder\\Bundle\\OAuth2Bundle\\Model"],"id":2121},"dist":{"type":"tar","url":"https://package-api-c2.ec-cube.net/ec-cube/api/2.1.3/Api-2.1.3.tgz"}},"1.0.0":{"name":"ec-cube/api","version":"1.0.0","description":"Web API","type":"eccube-plugin","require":{"ec-cube/plugin-installer":"~0.0.6","trikoder/oauth2-bundle":"^2.1","nyholm/psr7":"^1.2","webonyx/graphql-php":"^14.0"},"extra":{"code":"Api","entity-namespaces":["Trikoder\\Bundle\\OAuth2Bundle\\Model"],"id":2121},"dist":{"type":"tar","url":"https://package-api-c2.ec-cube.net/ec-cube/api/1.0.0/Api-1.0.0.tgz"}},"2.1.1":{"name":"ec-cube/api","version":"2.1.1","description":"Web API","type":"eccube-plugin","require":{"ec-cube/plugin-installer":"~0.0.6","trikoder/oauth2-bundle":"^2.1","nyholm/psr7":"^1.2","webonyx/graphql-php":"^14.0"},"extra":{"code":"Api","entity-namespaces":["Trikoder\\Bundle\\OAuth2Bundle\\Model"],"id":2121},"dist":{"type":"tar","url":"https://package-api-c2.ec-cube.net/ec-cube/api/2.1.1/Api-2.1.1.tgz"}},"2.1.2":{"name":"ec-cube/api","version":"2.1.2","description":"Web API","type":"eccube-plugin","require":{"ec-cube/plugin-installer":"~0.0.6 || ^2.0","trikoder/oauth2-bundle":"^2.1","nyholm/psr7":"^1.2","webonyx/graphql-php":"^14.0"},"extra":{"code":"Api","entity-namespaces":["Trikoder\\Bundle\\OAuth2Bundle\\Model"],"id":2121},"dist":{"type":"tar","url":"https://package-api-c2.ec-cube.net/ec-cube/api/2.1.2/Api-2.1.2.tgz"}},"0.0.1":{"name":"ec-cube/api","version":"0.0.1","description":"Web API","type":"eccube-plugin","require":{"ec-cube/plugin-installer":"~0.0.6","trikoder/oauth2-bundle":"^2.1","nyholm/psr7":"^1.2","webonyx/graphql-php":"^14.0"},"extra":{"code":"Api","entity-namespaces":["Trikoder\\Bundle\\OAuth2Bundle\\Model"],"id":2121},"dist":{"type":"tar","url":"https://package-api-c2.ec-cube.net/ec-cube/api/0.0.1/Api-0.0.1.tgz"}}},"ec-cube/productreview4":{"4.0.2":{"name":"ec-cube/productreview4","version":"4.0.2","description":"商品レビュー管理プラグイン","type":"eccube-plugin","require":{"ec-cube/plugin-installer":"~0.0.6"},"extra":{"code":"ProductReview4","id":1756},"dist":{"type":"tar","url":"https://package-api-c2.ec-cube.net/ec-cube/productreview4/4.0.2/ProductReview4-4.0.2.tgz"}},"4.0.0":{"name":"ec-cube/productreview4","version":"4.0.0","description":"商品レビュー管理プラグイン","type":"eccube-plugin","require":{"ec-cube/plugin-installer":"~0.0.6"},"extra":{"code":"ProductReview4","id":1756},"dist":{"type":"tar","url":"https://package-api-c2.ec-cube.net/ec-cube/productreview4/4.0.0/ProductReview4-4.0.0.tgz"}},"4.1.0":{"name":"ec-cube/productreview4","version":"4.1.0","description":"商品レビュー管理プラグイン","type":"eccube-plugin","require":{"ec-cube/plugin-installer":"~0.0.6 || ^2.0"},"extra":{"code":"ProductReview4","id":1756},"dist":{"type":"tar","url":"https://package-api-c2.ec-cube.net/ec-cube/productreview4/4.1.0/ProductReview4-4.1.0.tgz"}},"4.0.1":{"name":"ec-cube/productreview4","version":"4.0.1","description":"商品レビュー管理プラグイン","type":"eccube-plugin","require":{"ec-cube/plugin-installer":"~0.0.6"},"extra":{"code":"ProductReview4","id":1756},"dist":{"type":"tar","url":"https://package-api-c2.ec-cube.net/ec-cube/productreview4/4.0.1/ProductReview4-4.0.1.tgz"}}},"ec-cube/salesreport4":{"4.0.0":{"name":"ec-cube/salesreport4","version":"4.0.0","description":"売上集計プラグイン","type":"eccube-plugin","require":{"ec-cube/plugin-installer":"~0.0.6"},"extra":{"code":"SalesReport4","id":1759},"dist":{"type":"tar","url":"https://package-api-c2.ec-cube.net/ec-cube/salesreport4/4.0.0/SalesReport4-4.0.0.tgz"}},"4.1.0":{"name":"ec-cube/salesreport4","version":"4.1.0","description":"売上集計プラグイン","type":"eccube-plugin","require":{"ec-cube/plugin-installer":"~0.0.6 || ^2.0"},"extra":{"code":"SalesReport4","id":1759},"dist":{"type":"tar","url":"https://package-api-c2.ec-cube.net/ec-cube/salesreport4/4.1.0/SalesReport4-4.1.0.tgz"}},"4.0.1":{"name":"ec-cube/salesreport4","version":"4.0.1","description":"売上集計プラグイン","type":"eccube-plugin","require":{"ec-cube/plugin-installer":"~0.0.6"},"extra":{"code":"SalesReport4","id":1759},"dist":{"type":"tar","url":"https://package-api-c2.ec-cube.net/ec-cube/salesreport4/4.0.1/SalesReport4-4.0.1.tgz"}}},"ec-cube/securitychecker4":{"4.1.1":{"name":"ec-cube/securitychecker4","version":"4.1.1","license":"LGPL-2.1-or-later","authors":[{"name":"EC-CUBE CO.,LTD.","email":"support@ec-cube.net"}],"config":{"optimize-autoloader":true,"sort-packages":true,"preferred-install":{"*":"dist"}},"type":"eccube-plugin","require":{"ec-cube/plugin-installer":"~0.0.8 || ^2.0"},"extra":{"code":"Securitychecker4","id":2040},"dist":{"type":"tar","url":"https://package-api-c2.ec-cube.net/ec-cube/securitychecker4/4.1.1/Securitychecker4-4.1.1.tgz"}},"4.0.0":{"name":"ec-cube/securitychecker4","version":"4.0.0","license":"LGPL-2.1-or-later","authors":[{"name":"EC-CUBE CO.,LTD.","email":"support@ec-cube.net"}],"config":{"optimize-autoloader":true,"sort-packages":true,"preferred-install":{"*":"dist"}},"type":"eccube-plugin","extra":{"code":"Securitychecker4","id":2040},"dist":{"type":"tar","url":"https://package-api-c2.ec-cube.net/ec-cube/securitychecker4/4.0.0/Securitychecker4-4.0.0.tgz"}},"4.1.0":{"name":"ec-cube/securitychecker4","version":"4.1.0","license":"LGPL-2.1-or-later","authors":[{"name":"EC-CUBE CO.,LTD.","email":"support@ec-cube.net"}],"config":{"optimize-autoloader":true,"sort-packages":true,"preferred-install":{"*":"dist"}},"type":"eccube-plugin","require":{"ec-cube/plugin-installer":"~0.0.8 || ^2.0"},"extra":{"code":"Securitychecker4","id":2040},"dist":{"type":"tar","url":"https://package-api-c2.ec-cube.net/ec-cube/securitychecker4/4.1.0/Securitychecker4-4.1.0.tgz"}},"4.0.1":{"name":"ec-cube/securitychecker4","version":"4.0.1","license":"LGPL-2.1-or-later","authors":[{"name":"EC-CUBE CO.,LTD.","email":"support@ec-cube.net"}],"config":{"optimize-autoloader":true,"sort-packages":true,"preferred-install":{"*":"dist"}},"type":"eccube-plugin","extra":{"code":"Securitychecker4","id":2040},"dist":{"type":"tar","url":"https://package-api-c2.ec-cube.net/ec-cube/securitychecker4/4.0.1/Securitychecker4-4.0.1.tgz"}}}}}