{"body":{"aliases":{"2fa":"scheb\/2fa-bundle","admin":"easycorp\/easyadmin-bundle","admin-gen":"easycorp\/easyadmin-bundle","admin-generator":"easycorp\/easyadmin-bundle","admingen":"easycorp\/easyadmin-bundle","admingenerator":"easycorp\/easyadmin-bundle","alice":"hautelook\/alice-bundle","all-my-sms-notifier":"symfony\/all-my-sms-notifier","allmysms-notifier":"symfony\/allmysms-notifier","allmysmsnotifier":"symfony\/allmysms-notifier","amazon-mailer":"symfony\/amazon-mailer","amazon-sns-notifier":"symfony\/amazon-sns-notifier","amazon-sqs-messenger":"symfony\/amazon-sqs-messenger","amazonmailer":"symfony\/amazon-mailer","amazonsnsnotifier":"symfony\/amazon-sns-notifier","amazonsqsmessenger":"symfony\/amazon-sqs-messenger","amqp":"symfony\/amqp-pack","amqp-messenger":"symfony\/amqp-messenger","amqpmessenger":"symfony\/amqp-messenger","annot":"sensio\/framework-extra-bundle","annotation":"sensio\/framework-extra-bundle","annotations":"sensio\/framework-extra-bundle","annots":"sensio\/framework-extra-bundle","api":"api-platform\/api-pack","api-admin":"api-platform\/admin-pack","api-platform":"api-platform\/api-pack","api-platform-admin":"api-platform\/admin-pack","apiadmin":"api-platform\/admin-pack","apiplatform":"api-platform\/api-pack","apiplatformadmin":"api-platform\/admin-pack","asset":"symfony\/asset","beanstalkd-messenger":"symfony\/beanstalkd-messenger","beanstalkdmessenger":"symfony\/beanstalkd-messenger","blackfire":"blackfireio\/blackfire-symfony-meta","browser-kit":"symfony\/browser-kit","browserkit":"symfony\/browser-kit","cache":"symfony\/cache","chatwork-notifier":"symfony\/chatwork-notifier","chatworknotifier":"symfony\/chatwork-notifier","class-loader":"symfony\/class-loader","classloader":"symfony\/class-loader","cli":"symfony\/console","clickatell-notifier":"symfony\/clickatell-notifier","clickatellnotifier":"symfony\/clickatell-notifier","clock":"symfony\/clock","config":"symfony\/config","console":"symfony\/console","contact-everyone-notifier":"symfony\/contact-everyone-notifier","contacteveryonenotifier":"symfony\/contact-everyone-notifier","cors":"nelmio\/cors-bundle","crowdin-translation-provider":"symfony\/crowdin-translation-provider","crowdintranslationprovider":"symfony\/crowdin-translation-provider","cs-fixer":"friendsofphp\/php-cs-fixer","csfixer":"friendsofphp\/php-cs-fixer","css-selector":"symfony\/css-selector","cssselector":"symfony\/css-selector","debug":"symfony\/debug-pack","debug-bundle":"symfony\/debug-bundle","debugbundle":"symfony\/debug-bundle","dependency-injection":"symfony\/dependency-injection","dependencyinjection":"symfony\/dependency-injection","discord-notifier":"symfony\/discord-notifier","discordnotifier":"symfony\/discord-notifier","doctrine":"symfony\/orm-pack","doctrine-bridge":"symfony\/doctrine-bridge","doctrine-messenger":"symfony\/doctrine-messenger","doctrine-migrations":"doctrine\/doctrine-migrations-bundle","doctrine-orm":"symfony\/orm-pack","doctrinebridge":"symfony\/doctrine-bridge","doctrinemessenger":"symfony\/doctrine-messenger","doctrinemigrations":"doctrine\/doctrine-migrations-bundle","doctrineorm":"symfony\/orm-pack","dom-crawler":"symfony\/dom-crawler","domcrawler":"symfony\/dom-crawler","dotenv":"symfony\/dotenv","dump":"symfony\/var-dumper","encore":"symfony\/webpack-encore-bundle","engagespot-notifier":"symfony\/engagespot-notifier","engagespotnotifier":"symfony\/engagespot-notifier","error-handler":"symfony\/error-handler","errorhandler":"symfony\/error-handler","esendex-notifier":"symfony\/esendex-notifier","esendexnotifier":"symfony\/esendex-notifier","event-dispatcher":"symfony\/event-dispatcher","eventdispatcher":"symfony\/event-dispatcher","expo-notifier":"symfony\/expo-notifier","exponotifier":"symfony\/expo-notifier","expression-language":"symfony\/expression-language","expressionlanguage":"symfony\/expression-language","fake-chat-notifier":"symfony\/fake-chat-notifier","fake-sms-notifier":"symfony\/fake-sms-notifier","fakechatnotifier":"symfony\/fake-chat-notifier","fakesmsnotifier":"symfony\/fake-sms-notifier","filesystem":"symfony\/filesystem","finder":"symfony\/finder","firebase-notifier":"symfony\/firebase-notifier","firebasenotifier":"symfony\/firebase-notifier","flex":"symfony\/flex","form":"symfony\/form","forty-six-elks-notifier":"symfony\/forty-six-elks-notifier","fortysixelksnotifier":"symfony\/forty-six-elks-notifier","foundry":"zenstruck\/foundry","framework-bundle":"symfony\/framework-bundle","frameworkbundle":"symfony\/framework-bundle","free-mobile-notifier":"symfony\/free-mobile-notifier","freemobilenotifier":"symfony\/free-mobile-notifier","gateway-api-notifier":"symfony\/gateway-api-notifier","gatewayapi-notifier":"symfony\/gatewayapi-notifier","gatewayapinotifier":"symfony\/gatewayapi-notifier","generator":"symfony\/maker-bundle","gitter-notifier":"symfony\/gitter-notifier","gitternotifier":"symfony\/gitter-notifier","google-chat-notifier":"symfony\/google-chat-notifier","google-mailer":"symfony\/google-mailer","googlechatnotifier":"symfony\/google-chat-notifier","googlemailer":"symfony\/google-mailer","html-sanitizer":"symfony\/html-sanitizer","htmlsanitizer":"symfony\/html-sanitizer","http-client":"symfony\/http-client","http-foundation":"symfony\/http-foundation","http-kernel":"symfony\/http-kernel","httpclient":"symfony\/http-client","httpfoundation":"symfony\/http-foundation","httpkernel":"symfony\/http-kernel","inflector":"symfony\/inflector","infobip-mailer":"symfony\/infobip-mailer","infobip-notifier":"symfony\/infobip-notifier","infobipmailer":"symfony\/infobip-mailer","infobipnotifier":"symfony\/infobip-notifier","intl":"symfony\/intl","iqsms-notifier":"symfony\/iqsms-notifier","iqsmsnotifier":"symfony\/iqsms-notifier","js-translation":"willdurand\/js-translation-bundle","js-translator":"willdurand\/js-translation-bundle","jstranslation":"willdurand\/js-translation-bundle","jstranslator":"willdurand\/js-translation-bundle","jwt":"lexik\/jwt-authentication-bundle","jwt-auth":"lexik\/jwt-authentication-bundle","jwtauth":"lexik\/jwt-authentication-bundle","kaz-info-teh-notifier":"symfony\/kaz-info-teh-notifier","kazinfotehnotifier":"symfony\/kaz-info-teh-notifier","ldap":"symfony\/ldap","light-sms-notifier":"symfony\/light-sms-notifier","lightsmsnotifier":"symfony\/light-sms-notifier","linked-in-notifier":"symfony\/linked-in-notifier","linkedinnotifier":"symfony\/linked-in-notifier","lock":"symfony\/lock","loco-translation-provider":"symfony\/loco-translation-provider","locotranslationprovider":"symfony\/loco-translation-provider","log":"symfony\/monolog-bundle","logger":"symfony\/monolog-bundle","logging":"symfony\/monolog-bundle","logs":"symfony\/monolog-bundle","lokalise-translation-provider":"symfony\/lokalise-translation-provider","lokalisetranslationprovider":"symfony\/lokalise-translation-provider","mail":"symfony\/mailer","mail-pace-mailer":"symfony\/mail-pace-mailer","mailchimp-mailer":"symfony\/mailchimp-mailer","mailchimpmailer":"symfony\/mailchimp-mailer","mailer":"symfony\/mailer","mailgun-mailer":"symfony\/mailgun-mailer","mailgunmailer":"symfony\/mailgun-mailer","mailjet-mailer":"symfony\/mailjet-mailer","mailjet-notifier":"symfony\/mailjet-notifier","mailjetmailer":"symfony\/mailjet-mailer","mailjetnotifier":"symfony\/mailjet-notifier","mailpacemailer":"symfony\/mail-pace-mailer","make":"symfony\/maker-bundle","maker":"symfony\/maker-bundle","maker-bundle":"symfony\/maker-bundle","makerbundle":"symfony\/maker-bundle","mattermost-notifier":"symfony\/mattermost-notifier","mattermostnotifier":"symfony\/mattermost-notifier","mercure":"symfony\/mercure-bundle","mercure-bundle":"symfony\/mercure-bundle","mercure-notifier":"symfony\/mercure-notifier","mercurebundle":"symfony\/mercure-bundle","mercurenotifier":"symfony\/mercure-notifier","message-bird-notifier":"symfony\/message-bird-notifier","message-media-notifier":"symfony\/message-media-notifier","messagebirdnotifier":"symfony\/message-bird-notifier","messagemedianotifier":"symfony\/message-media-notifier","messenger":"symfony\/messenger","microsoft-teams-notifier":"symfony\/microsoft-teams-notifier","microsoftteamsnotifier":"symfony\/microsoft-teams-notifier","migrations":"doctrine\/doctrine-migrations-bundle","mime":"symfony\/mime","mobyt-notifier":"symfony\/mobyt-notifier","mobytnotifier":"symfony\/mobyt-notifier","monolog":"symfony\/monolog-bundle","monolog-bridge":"symfony\/monolog-bridge","monolog-bundle":"symfony\/monolog-bundle","monologbridge":"symfony\/monolog-bridge","monologbundle":"symfony\/monolog-bundle","nexmo-notifier":"symfony\/nexmo-notifier","nexmonotifier":"symfony\/nexmo-notifier","notifier":"symfony\/notifier","octopush-notifier":"symfony\/octopush-notifier","octopushnotifier":"symfony\/octopush-notifier","oh-my-smtp-mailer":"symfony\/oh-my-smtp-mailer","ohmysmtpmailer":"symfony\/oh-my-smtp-mailer","one-signal-notifier":"symfony\/one-signal-notifier","onesignalnotifier":"symfony\/one-signal-notifier","options-resolver":"symfony\/options-resolver","optionsresolver":"symfony\/options-resolver","orange-sms-notifier":"symfony\/orange-sms-notifier","orangesmsnotifier":"symfony\/orange-sms-notifier","orm":"symfony\/orm-pack","orm-fixtures":"doctrine\/doctrine-fixtures-bundle","ormfixtures":"doctrine\/doctrine-fixtures-bundle","ovh-cloud-notifier":"symfony\/ovh-cloud-notifier","ovhcloudnotifier":"symfony\/ovh-cloud-notifier","panther":"symfony\/panther","password-hasher":"symfony\/password-hasher","passwordhasher":"symfony\/password-hasher","php-cs-fixer":"friendsofphp\/php-cs-fixer","phpcsfixer":"friendsofphp\/php-cs-fixer","phpunit":"symfony\/test-pack","phpunit-bridge":"symfony\/phpunit-bridge","phpunitbridge":"symfony\/phpunit-bridge","platformsh":"symfonycorp\/platformsh-pack","postmark-mailer":"symfony\/postmark-mailer","postmarkmailer":"symfony\/postmark-mailer","process":"symfony\/process","profiler":"symfony\/profiler-pack","property-access":"symfony\/property-access","property-info":"symfony\/property-info","propertyaccess":"symfony\/property-access","propertyinfo":"symfony\/property-info","proxy-manager-bridge":"symfony\/proxy-manager-bridge","proxymanagerbridge":"symfony\/proxy-manager-bridge","psr-7":"symfony\/psr7-pack","psr-17":"symfony\/psr7-pack","psr7":"symfony\/psr7-pack","psr17":"symfony\/psr7-pack","rate-limiter":"symfony\/rate-limiter","ratelimiter":"symfony\/rate-limiter","react-admin":"api-platform\/admin-pack","reactadmin":"api-platform\/admin-pack","redis-messenger":"symfony\/redis-messenger","redismessenger":"symfony\/redis-messenger","req-check":"symfony\/requirements-checker","req-checker":"symfony\/requirements-checker","req-checks":"symfony\/requirements-checker","reqcheck":"symfony\/requirements-checker","reqchecker":"symfony\/requirements-checker","reqchecks":"symfony\/requirements-checker","requirement-check":"symfony\/requirements-checker","requirement-checker":"symfony\/requirements-checker","requirementcheck":"symfony\/requirements-checker","requirementchecker":"symfony\/requirements-checker","requirements-checker":"symfony\/requirements-checker","requirementschecker":"symfony\/requirements-checker","rocket-chat-notifier":"symfony\/rocket-chat-notifier","rocketchatnotifier":"symfony\/rocket-chat-notifier","router":"symfony\/routing","routing":"symfony\/routing","runtime":"symfony\/runtime","sec-check":"sensiolabs\/security-checker","sec-checker":"sensiolabs\/security-checker","sec-checks":"sensiolabs\/security-checker","seccheck":"sensiolabs\/security-checker","secchecker":"sensiolabs\/security-checker","secchecks":"sensiolabs\/security-checker","security":"symfony\/security-bundle","security-bundle":"symfony\/security-bundle","security-check":"sensiolabs\/security-checker","security-checker":"sensiolabs\/security-checker","security-core":"symfony\/security-core","security-csrf":"symfony\/security-csrf","security-guard":"symfony\/security-guard","security-http":"symfony\/security-http","securitybundle":"symfony\/security-bundle","securitycheck":"sensiolabs\/security-checker","securitychecker":"sensiolabs\/security-checker","securitycore":"symfony\/security-core","securitycsrf":"symfony\/security-csrf","securityguard":"symfony\/security-guard","securityhttp":"symfony\/security-http","semaphore":"symfony\/semaphore","sendberry-notifier":"symfony\/sendberry-notifier","sendberrynotifier":"symfony\/sendberry-notifier","sendgrid-mailer":"symfony\/sendgrid-mailer","sendgridmailer":"symfony\/sendgrid-mailer","sendinblue-mailer":"symfony\/sendinblue-mailer","sendinblue-notifier":"symfony\/sendinblue-notifier","sendinbluemailer":"symfony\/sendinblue-mailer","sendinbluenotifier":"symfony\/sendinblue-notifier","serialization":"symfony\/serializer-pack","serializer":"symfony\/serializer-pack","server":"symfony\/web-server-bundle","simple-phpunit":"symfony\/phpunit-bridge","simplephpunit":"symfony\/phpunit-bridge","sinch-notifier":"symfony\/sinch-notifier","sinchnotifier":"symfony\/sinch-notifier","slack-notifier":"symfony\/slack-notifier","slacknotifier":"symfony\/slack-notifier","sms-biuras-notifier":"symfony\/sms-biuras-notifier","sms-factor-notifier":"symfony\/sms-factor-notifier","sms77-notifier":"symfony\/sms77-notifier","sms77notifier":"symfony\/sms77-notifier","smsapi-notifier":"symfony\/smsapi-notifier","smsapinotifier":"symfony\/smsapi-notifier","smsbiurasnotifier":"symfony\/sms-biuras-notifier","smsc-notifier":"symfony\/smsc-notifier","smscnotifier":"symfony\/smsc-notifier","smsfactornotifier":"symfony\/sms-factor-notifier","spot-hit-notifier":"symfony\/spot-hit-notifier","spothitnotifier":"symfony\/spot-hit-notifier","stopwatch":"symfony\/stopwatch","string":"symfony\/string","swiftmailer":"symfony\/swiftmailer-bundle","swiftmailer-bundle":"symfony\/swiftmailer-bundle","swiftmailerbundle":"symfony\/swiftmailer-bundle","telegram-notifier":"symfony\/telegram-notifier","telegramnotifier":"symfony\/telegram-notifier","telnyx-notifier":"symfony\/telnyx-notifier","telnyxnotifier":"symfony\/telnyx-notifier","template":"symfony\/twig-pack","templates":"symfony\/twig-pack","templating":"symfony\/templating","test":"symfony\/test-pack","tests":"symfony\/test-pack","translation":"symfony\/translation","translations":"symfony\/translation","translator":"symfony\/translation","turbo-sms-notifier":"symfony\/turbo-sms-notifier","turbosmsnotifier":"symfony\/turbo-sms-notifier","twig":"symfony\/twig-pack","twig-bridge":"symfony\/twig-bridge","twig-bundle":"symfony\/twig-bundle","twig-ext":"twig\/extensions","twig-extensions":"twig\/extensions","twig-exts":"twig\/extensions","twigbridge":"symfony\/twig-bridge","twigbundle":"symfony\/twig-bundle","twigext":"twig\/extensions","twigextensions":"twig\/extensions","twigexts":"twig\/extensions","twilio-notifier":"symfony\/twilio-notifier","twilionotifier":"symfony\/twilio-notifier","uid":"symfony\/uid","ux":"symfony\/webpack-encore-bundle","ux-autocomplete":"symfony\/ux-autocomplete","ux-live-component":"symfony\/ux-live-component","uxautocomplete":"symfony\/ux-autocomplete","uxlivecomponent":"symfony\/ux-live-component","validation":"symfony\/validator","validator":"symfony\/validator","var-dumper":"symfony\/var-dumper","var-exporter":"symfony\/var-exporter","vardumper":"symfony\/var-dumper","varexporter":"symfony\/var-exporter","vonage-notifier":"symfony\/vonage-notifier","vonagenotifier":"symfony\/vonage-notifier","web-link":"symfony\/web-link","web-profiler":"symfony\/profiler-pack","web-profiler-bundle":"symfony\/web-profiler-bundle","web-server":"symfony\/web-server-bundle","web-server-bundle":"symfony\/web-server-bundle","webapp":"symfony\/webapp-pack","weblink":"symfony\/web-link","webpack":"symfony\/webpack-encore-bundle","webpack-encore":"symfony\/webpack-encore-bundle","webpack-encore-bundle":"symfony\/webpack-encore-bundle","webpackencore":"symfony\/webpack-encore-bundle","webpackencorebundle":"symfony\/webpack-encore-bundle","webprofiler":"symfony\/profiler-pack","webprofilerbundle":"symfony\/web-profiler-bundle","webserver":"symfony\/web-server-bundle","webserverbundle":"symfony\/web-server-bundle","workflow":"symfony\/workflow","yaml":"symfony\/yaml","yunpian-notifier":"symfony\/yunpian-notifier","yunpiannotifier":"symfony\/yunpian-notifier","zendesk-notifier":"symfony\/zendesk-notifier","zendesknotifier":"symfony\/zendesk-notifier","zulip-notifier":"symfony\/zulip-notifier","zulipnotifier":"symfony\/zulip-notifier"},"recipes":{"api-platform\/admin-pack":["1.0"],"api-platform\/core":["2.1","2.5","3.0"],"blackfireio\/blackfire-symfony-meta":["1.0"],"doctrine\/annotations":["1.0","1.10"],"doctrine\/doctrine-bundle":["1.6","1.12","2.0","2.3","2.4"],"doctrine\/doctrine-fixtures-bundle":["3.0"],"doctrine\/doctrine-migrations-bundle":["1.2","2.2","3.1"],"easycorp\/easyadmin-bundle":["1.17","2.0","3.0"],"friendsofphp\/php-cs-fixer":["2.2","2.16","2.17","2.19","3.0"],"hautelook\/alice-bundle":["2.1","2.2"],"javiereguiluz\/easyadmin-bundle":["1.16","1.17"],"league\/flysystem-bundle":["1.0"],"lexik\/jwt-authentication-bundle":["2.3","2.5"],"nelmio\/alice":["3.2","3.3"],"nelmio\/cors-bundle":["1.5"],"nelmio\/security-bundle":["2.4"],"nyholm\/psr7":["1.0"],"phpunit\/phpunit":["4.7","9.3"],"scheb\/2fa-bundle":["5.0","6.0"],"sensio\/framework-extra-bundle":["4.0","5.2"],"sensiolabs\/ansi-to-html":["1.2"],"sensiolabs\/security-checker":["4.0"],"symfony\/all-my-sms-notifier":["5.3"],"symfony\/allmysms-notifier":["5.3"],"symfony\/amazon-mailer":["4.3","4.4"],"symfony\/amazon-sns-notifier":["5.4"],"symfony\/chatwork-notifier":["6.2"],"symfony\/clickatell-notifier":["5.3"],"symfony\/console":["3.3","4.2","4.4","5.1","5.3"],"symfony\/crowdin-translation-provider":["5.3"],"symfony\/debug-bundle":["3.3","4.1","5.3"],"symfony\/discord-notifier":["5.2"],"symfony\/engagespot-notifier":["6.1"],"symfony\/esendex-notifier":["5.2"],"symfony\/expo-notifier":["5.4"],"symfony\/fake-chat-notifier":["5.3"],"symfony\/fake-sms-notifier":["5.3"],"symfony\/firebase-notifier":["5.1"],"symfony\/flex":["1.0"],"symfony\/forty-six-elks-notifier":["6.1"],"symfony\/framework-bundle":["3.3","3.4","4.2","4.4","5.1","5.2","5.3","5.4","6.2"],"symfony\/free-mobile-notifier":["5.1"],"symfony\/gateway-api-notifier":["5.3"],"symfony\/gatewayapi-notifier":["5.3"],"symfony\/gitter-notifier":["5.3"],"symfony\/google-chat-notifier":["5.2","5.3"],"symfony\/google-mailer":["4.3","4.4"],"symfony\/infobip-mailer":["6.2"],"symfony\/infobip-notifier":["5.2"],"symfony\/iqsms-notifier":["5.3"],"symfony\/kaz-info-teh-notifier":["6.1"],"symfony\/light-sms-notifier":["5.3"],"symfony\/linked-in-notifier":["5.2"],"symfony\/lock":["4.4","5.2"],"symfony\/loco-translation-provider":["5.3"],"symfony\/lokalise-translation-provider":["5.3"],"symfony\/mail-pace-mailer":["6.2"],"symfony\/mailchimp-mailer":["4.3","4.4"],"symfony\/mailer":["4.3"],"symfony\/mailgun-mailer":["4.3","4.4"],"symfony\/mailjet-mailer":["5.2"],"symfony\/mailjet-notifier":["5.4"],"symfony\/maker-bundle":["1.0"],"symfony\/mattermost-notifier":["5.1"],"symfony\/mercure-bundle":["0.1","0.2","0.3"],"symfony\/mercure-notifier":["5.3"],"symfony\/message-bird-notifier":["5.3"],"symfony\/message-media-notifier":["5.4"],"symfony\/messenger":["4.1","4.3","5.4","6.0"],"symfony\/microsoft-teams-notifier":["5.3"],"symfony\/mobyt-notifier":["5.2"],"symfony\/monolog-bundle":["3.1","3.3","3.7"],"symfony\/nexmo-notifier":["5.0"],"symfony\/notifier":["5.0"],"symfony\/octopush-notifier":["5.3"],"symfony\/one-signal-notifier":["5.4"],"symfony\/orange-sms-notifier":["6.1"],"symfony\/ovh-cloud-notifier":["5.1"],"symfony\/panther":["1.0"],"symfony\/phpunit-bridge":["3.3","4.1","4.3","5.1","5.3"],"symfony\/postmark-mailer":["4.3","4.4"],"symfony\/psr7-pack":["1.0"],"symfony\/requirements-checker":["1.0","2.0"],"symfony\/rocket-chat-notifier":["5.1"],"symfony\/routing":["3.3","4.0","4.2","5.1","5.3","6.0","6.1"],"symfony\/security-bundle":["3.3","4.4","5.1","5.3","6.0"],"symfony\/sendberry-notifier":["6.1"],"symfony\/sendgrid-mailer":["4.3","4.4"],"symfony\/sendinblue-mailer":["5.2"],"symfony\/sendinblue-notifier":["5.2"],"symfony\/sinch-notifier":["5.1"],"symfony\/slack-notifier":["5.0","5.1","5.2"],"symfony\/sms-biuras-notifier":["5.3"],"symfony\/sms-factor-notifier":["6.2"],"symfony\/sms77-notifier":["5.4"],"symfony\/smsapi-notifier":["5.2"],"symfony\/smsc-notifier":["5.4"],"symfony\/spot-hit-notifier":["5.3"],"symfony\/swiftmailer-bundle":["2.5"],"symfony\/telegram-notifier":["5.0"],"symfony\/telnyx-notifier":["5.4"],"symfony\/translation":["3.3","5.3"],"symfony\/turbo-sms-notifier":["5.4"],"symfony\/twig-bundle":["3.3","4.4","5.0","5.3","5.4"],"symfony\/twilio-notifier":["5.0"],"symfony\/ux-autocomplete":["2.2"],"symfony\/ux-live-component":["2.0"],"symfony\/validator":["4.1","4.3","5.3"],"symfony\/vonage-notifier":["5.4"],"symfony\/web-profiler-bundle":["3.3","5.3","6.1"],"symfony\/web-server-bundle":["3.3"],"symfony\/webapp-pack":["1.0"],"symfony\/webpack-encore-bundle":["1.0","1.6","1.9","1.10"],"symfony\/workflow":["3.3"],"symfony\/yunpian-notifier":["5.4"],"symfony\/zendesk-notifier":["6.2"],"symfony\/zulip-notifier":["5.2"],"symfonycasts\/reset-password-bundle":["1.0"],"theofidry\/alice-data-fixtures":["1.0"],"twig\/cssinliner-extension":["1.0"],"twig\/extensions":["1.0"],"twig\/inky-extension":["1.0"],"twig\/markdown-extension":["1.0"],"willdurand\/js-translation-bundle":["2.0"],"zenstruck\/foundry":["1.9","1.10"]},"recipe-conflicts":{"doctrine\/annotations":{"1.10":{"symfony\/routing":"<6.0"}},"doctrine\/doctrine-bundle":{"2.4":{"symfony\/framework-bundle":"<5.3"}},"hautelook\/alice-bundle":{"2.2":{"symfony\/framework-bundle":"<5.3"}},"nelmio\/alice":{"3.3":{"symfony\/framework-bundle":"<5.3"}},"symfony\/debug-bundle":{"5.3":{"symfony\/framework-bundle":"<5.3"}},"symfony\/messenger":{"4.1":{"symfony\/framework-bundle":"<4.1"},"4.3":{"symfony\/framework-bundle":"<4.3"},"5.4":{"symfony\/framework-bundle":"<4.3"},"6.0":{"symfony\/framework-bundle":"<4.3"}},"symfony\/monolog-bundle":{"3.7":{"symfony\/framework-bundle":"<5.3"}},"symfony\/routing":{"5.3":{"symfony\/framework-bundle":"<5.3"},"6.0":{"symfony\/framework-bundle":"<5.3"},"6.1":{"symfony\/framework-bundle":"<5.3"}},"symfony\/security-bundle":{"5.3":{"symfony\/framework-bundle":"<5.3"},"6.0":{"symfony\/framework-bundle":"<5.3"}},"symfony\/twig-bundle":{"5.3":{"symfony\/framework-bundle":"<5.3"},"5.4":{"symfony\/framework-bundle":"<5.3"}},"symfony\/validator":{"5.3":{"symfony\/framework-bundle":"<5.3"}},"symfony\/web-profiler-bundle":{"5.3":{"symfony\/framework-bundle":"<5.3"},"6.1":{"symfony\/framework-bundle":"<6.1"}},"symfony\/webpack-encore-bundle":{"1.10":{"symfony\/framework-bundle":"<5.4"}},"zenstruck\/foundry":{"1.10":{"symfony\/framework-bundle":"<5.3"}}},"versions":{"lts":"5.4","stable":"6.1","next":"6.2","previous":"6.0","dev":"6.2","dev-name":"6.2","splits":{"symfony\/all-my-sms-notifier":["5.3","5.4","6.0","6.1","6.2"],"symfony\/amazon-mailer":["4.3","4.4","5.0","5.1","5.2","5.3","5.4","6.0","6.1","6.2"],"symfony\/amazon-sns-notifier":["5.4","6.0","6.1","6.2"],"symfony\/amazon-sqs-messenger":["5.1","5.2","5.3","5.4","6.0","6.1","6.2"],"symfony\/amqp-messenger":["5.1","5.2","5.3","5.4","6.0","6.1","6.2"],"symfony\/asset":["3.4","4.0","4.1","4.2","4.3","4.4","5.0","5.1","5.2","5.3","5.4","6.0","6.1","6.2"],"symfony\/beanstalkd-messenger":["5.2","5.3","5.4","6.0","6.1","6.2"],"symfony\/browser-kit":["3.4","4.0","4.1","4.2","4.3","4.4","5.0","5.1","5.2","5.3","5.4","6.0","6.1","6.2"],"symfony\/cache":["3.4","4.0","4.1","4.2","4.3","4.4","5.0","5.1","5.2","5.3","5.4","6.0","6.1","6.2"],"symfony\/chatwork-notifier":["6.2"],"symfony\/class-loader":["3.4"],"symfony\/clickatell-notifier":["5.3","5.4","6.0","6.1","6.2"],"symfony\/clock":["6.2"],"symfony\/config":["3.4","4.0","4.1","4.2","4.3","4.4","5.0","5.1","5.2","5.3","5.4","6.0","6.1","6.2"],"symfony\/console":["3.4","4.0","4.1","4.2","4.3","4.4","5.0","5.1","5.2","5.3","5.4","6.0","6.1","6.2"],"symfony\/contact-everyone-notifier":["6.2"],"symfony\/crowdin-translation-provider":["5.3","5.4","6.0","6.1","6.2"],"symfony\/css-selector":["3.4","4.0","4.1","4.2","4.3","4.4","5.0","5.1","5.2","5.3","5.4","6.0","6.1","6.2"],"symfony\/debug":["3.4","4.0","4.1","4.2","4.3","4.4"],"symfony\/debug-bundle":["3.4","4.0","4.1","4.2","4.3","4.4","5.0","5.1","5.2","5.3","5.4","6.0","6.1","6.2"],"symfony\/dependency-injection":["3.4","4.0","4.1","4.2","4.3","4.4","5.0","5.1","5.2","5.3","5.4","6.0","6.1","6.2"],"symfony\/discord-notifier":["5.2","5.3","5.4","6.0","6.1","6.2"],"symfony\/doctrine-bridge":["3.4","4.0","4.1","4.2","4.3","4.4","5.0","5.1","5.2","5.3","5.4","6.0","6.1","6.2"],"symfony\/doctrine-messenger":["5.1","5.2","5.3","5.4","6.0","6.1","6.2"],"symfony\/dom-crawler":["3.4","4.0","4.1","4.2","4.3","4.4","5.0","5.1","5.2","5.3","5.4","6.0","6.1","6.2"],"symfony\/dotenv":["3.4","4.0","4.1","4.2","4.3","4.4","5.0","5.1","5.2","5.3","5.4","6.0","6.1","6.2"],"symfony\/engagespot-notifier":["6.1","6.2"],"symfony\/error-handler":["4.4","5.0","5.1","5.2","5.3","5.4","6.0","6.1","6.2"],"symfony\/esendex-notifier":["5.2","5.3","5.4","6.0","6.1","6.2"],"symfony\/event-dispatcher":["3.4","4.0","4.1","4.2","4.3","4.4","5.0","5.1","5.2","5.3","5.4","6.0","6.1","6.2"],"symfony\/expo-notifier":["5.4","6.0","6.1","6.2"],"symfony\/expression-language":["3.4","4.0","4.1","4.2","4.3","4.4","5.0","5.1","5.2","5.3","5.4","6.0","6.1","6.2"],"symfony\/fake-chat-notifier":["5.3","5.4","6.0","6.1","6.2"],"symfony\/fake-sms-notifier":["5.3","5.4","6.0","6.1","6.2"],"symfony\/filesystem":["3.4","4.0","4.1","4.2","4.3","4.4","5.0","5.1","5.2","5.3","5.4","6.0","6.1","6.2"],"symfony\/finder":["3.4","4.0","4.1","4.2","4.3","4.4","5.0","5.1","5.2","5.3","5.4","6.0","6.1","6.2"],"symfony\/firebase-notifier":["5.1","5.2","5.3","5.4","6.0","6.1","6.2"],"symfony\/form":["3.4","4.0","4.1","4.2","4.3","4.4","5.0","5.1","5.2","5.3","5.4","6.0","6.1","6.2"],"symfony\/forty-six-elks-notifier":["6.1","6.2"],"symfony\/framework-bundle":["3.4","4.0","4.1","4.2","4.3","4.4","5.0","5.1","5.2","5.3","5.4","6.0","6.1","6.2"],"symfony\/free-mobile-notifier":["5.1","5.2","5.3","5.4","6.0","6.1","6.2"],"symfony\/gateway-api-notifier":["5.3","5.4","6.0","6.1","6.2"],"symfony\/gitter-notifier":["5.3","5.4","6.0","6.1","6.2"],"symfony\/google-chat-notifier":["5.2","5.3","5.4","6.0","6.1","6.2"],"symfony\/google-mailer":["4.3","4.4","5.0","5.1","5.2","5.3","5.4","6.0","6.1","6.2"],"symfony\/html-sanitizer":["6.1","6.2"],"symfony\/http-client":["4.3","4.4","5.0","5.1","5.2","5.3","5.4","6.0","6.1","6.2"],"symfony\/http-foundation":["3.4","4.0","4.1","4.2","4.3","4.4","5.0","5.1","5.2","5.3","5.4","6.0","6.1","6.2"],"symfony\/http-kernel":["3.4","4.0","4.1","4.2","4.3","4.4","5.0","5.1","5.2","5.3","5.4","6.0","6.1","6.2"],"symfony\/inflector":["3.4","4.0","4.1","4.2","4.3","4.4","5.0","5.1","5.2","5.3","5.4"],"symfony\/infobip-mailer":["6.2"],"symfony\/infobip-notifier":["5.2","5.3","5.4","6.0","6.1","6.2"],"symfony\/intl":["3.4","4.0","4.1","4.2","4.3","4.4","5.0","5.1","5.2","5.3","5.4","6.0","6.1","6.2"],"symfony\/iqsms-notifier":["5.3","5.4","6.0","6.1","6.2"],"symfony\/kaz-info-teh-notifier":["6.1","6.2"],"symfony\/ldap":["3.4","4.0","4.1","4.2","4.3","4.4","5.0","5.1","5.2","5.3","5.4","6.0","6.1","6.2"],"symfony\/light-sms-notifier":["5.3","5.4","6.0","6.1","6.2"],"symfony\/linked-in-notifier":["5.2","5.3","5.4","6.0","6.1","6.2"],"symfony\/lock":["3.4","4.0","4.1","4.2","4.3","4.4","5.0","5.1","5.2","5.3","5.4","6.0","6.1","6.2"],"symfony\/loco-translation-provider":["5.3","5.4","6.0","6.1","6.2"],"symfony\/lokalise-translation-provider":["5.3","5.4","6.0","6.1","6.2"],"symfony\/mail-pace-mailer":["6.2"],"symfony\/mailchimp-mailer":["4.3","4.4","5.0","5.1","5.2","5.3","5.4","6.0","6.1","6.2"],"symfony\/mailer":["4.3","4.4","5.0","5.1","5.2","5.3","5.4","6.0","6.1","6.2"],"symfony\/mailgun-mailer":["4.3","4.4","5.0","5.1","5.2","5.3","5.4","6.0","6.1","6.2"],"symfony\/mailjet-mailer":["5.2","5.3","5.4","6.0","6.1","6.2"],"symfony\/mailjet-notifier":["5.4","6.0","6.1","6.2"],"symfony\/mattermost-notifier":["5.1","5.2","5.3","5.4","6.0","6.1","6.2"],"symfony\/mercure-notifier":["5.3","5.4","6.0","6.1","6.2"],"symfony\/message-bird-notifier":["5.3","5.4","6.0","6.1","6.2"],"symfony\/message-media-notifier":["5.4","6.0","6.1","6.2"],"symfony\/messenger":["4.1","4.2","4.3","4.4","5.0","5.1","5.2","5.3","5.4","6.0","6.1","6.2"],"symfony\/microsoft-teams-notifier":["5.3","5.4","6.0","6.1","6.2"],"symfony\/mime":["4.3","4.4","5.0","5.1","5.2","5.3","5.4","6.0","6.1","6.2"],"symfony\/mobyt-notifier":["5.2","5.3","5.4","6.0","6.1","6.2"],"symfony\/monolog-bridge":["3.4","4.0","4.1","4.2","4.3","4.4","5.0","5.1","5.2","5.3","5.4","6.0","6.1","6.2"],"symfony\/nexmo-notifier":["5.0","5.1","5.2","5.3","5.4"],"symfony\/notifier":["5.0","5.1","5.2","5.3","5.4","6.0","6.1","6.2"],"symfony\/octopush-notifier":["5.3","5.4","6.0","6.1","6.2"],"symfony\/oh-my-smtp-mailer":["5.4","6.0","6.1","6.2"],"symfony\/one-signal-notifier":["5.4","6.0","6.1","6.2"],"symfony\/options-resolver":["3.4","4.0","4.1","4.2","4.3","4.4","5.0","5.1","5.2","5.3","5.4","6.0","6.1","6.2"],"symfony\/orange-sms-notifier":["6.1","6.2"],"symfony\/ovh-cloud-notifier":["5.1","5.2","5.3","5.4","6.0","6.1","6.2"],"symfony\/password-hasher":["5.3","5.4","6.0","6.1","6.2"],"symfony\/postmark-mailer":["4.3","4.4","5.0","5.1","5.2","5.3","5.4","6.0","6.1","6.2"],"symfony\/process":["3.4","4.0","4.1","4.2","4.3","4.4","5.0","5.1","5.2","5.3","5.4","6.0","6.1","6.2"],"symfony\/property-access":["3.4","4.0","4.1","4.2","4.3","4.4","5.0","5.1","5.2","5.3","5.4","6.0","6.1","6.2"],"symfony\/property-info":["3.4","4.0","4.1","4.2","4.3","4.4","5.0","5.1","5.2","5.3","5.4","6.0","6.1","6.2"],"symfony\/proxy-manager-bridge":["3.4","4.0","4.1","4.2","4.3","4.4","5.0","5.1","5.2","5.3","5.4","6.0","6.1","6.2"],"symfony\/rate-limiter":["5.2","5.3","5.4","6.0","6.1","6.2"],"symfony\/redis-messenger":["5.1","5.2","5.3","5.4","6.0","6.1","6.2"],"symfony\/rocket-chat-notifier":["5.1","5.2","5.3","5.4","6.0","6.1","6.2"],"symfony\/routing":["3.4","4.0","4.1","4.2","4.3","4.4","5.0","5.1","5.2","5.3","5.4","6.0","6.1","6.2"],"symfony\/runtime":["5.3","5.4","6.0","6.1","6.2"],"symfony\/security":["3.4","4.0","4.1","4.2","4.3","4.4","5.0","5.1","5.2","5.3","5.4","6.0","6.1","6.2"],"symfony\/security-bundle":["3.4","4.0","4.1","4.2","4.3","4.4","5.0","5.1","5.2","5.3","5.4","6.0","6.1","6.2"],"symfony\/security-core":["3.4","4.0","4.1","4.2","4.3","4.4","5.0","5.1","5.2","5.3","5.4","6.0","6.1","6.2"],"symfony\/security-csrf":["3.4","4.0","4.1","4.2","4.3","4.4","5.0","5.1","5.2","5.3","5.4","6.0","6.1","6.2"],"symfony\/security-guard":["3.4","4.0","4.1","4.2","4.3","4.4","5.0","5.1","5.2","5.3","5.4"],"symfony\/security-http":["3.4","4.0","4.1","4.2","4.3","4.4","5.0","5.1","5.2","5.3","5.4","6.0","6.1","6.2"],"symfony\/semaphore":["5.2","5.3","5.4","6.0","6.1","6.2"],"symfony\/sendberry-notifier":["6.1","6.2"],"symfony\/sendgrid-mailer":["4.3","4.4","5.0","5.1","5.2","5.3","5.4","6.0","6.1","6.2"],"symfony\/sendinblue-mailer":["5.2","5.3","5.4","6.0","6.1","6.2"],"symfony\/sendinblue-notifier":["5.2","5.3","5.4","6.0","6.1","6.2"],"symfony\/serializer":["3.4","4.0","4.1","4.2","4.3","4.4","5.0","5.1","5.2","5.3","5.4","6.0","6.1","6.2"],"symfony\/sinch-notifier":["5.1","5.2","5.3","5.4","6.0","6.1","6.2"],"symfony\/slack-notifier":["5.0","5.1","5.2","5.3","5.4","6.0","6.1","6.2"],"symfony\/sms-biuras-notifier":["5.3","5.4","6.0","6.1","6.2"],"symfony\/sms-factor-notifier":["6.2"],"symfony\/sms77-notifier":["5.4","6.0","6.1","6.2"],"symfony\/smsapi-notifier":["5.2","5.3","5.4","6.0","6.1","6.2"],"symfony\/smsc-notifier":["5.4","6.0","6.1","6.2"],"symfony\/spot-hit-notifier":["5.3","5.4","6.0","6.1","6.2"],"symfony\/stopwatch":["3.4","4.0","4.1","4.2","4.3","4.4","5.0","5.1","5.2","5.3","5.4","6.0","6.1","6.2"],"symfony\/string":["5.0","5.1","5.2","5.3","5.4","6.0","6.1","6.2"],"symfony\/telegram-notifier":["5.0","5.1","5.2","5.3","5.4","6.0","6.1","6.2"],"symfony\/telnyx-notifier":["5.4","6.0","6.1","6.2"],"symfony\/templating":["3.4","4.0","4.1","4.2","4.3","4.4","5.0","5.1","5.2","5.3","5.4","6.0","6.1","6.2"],"symfony\/translation":["3.4","4.0","4.1","4.2","4.3","4.4","5.0","5.1","5.2","5.3","5.4","6.0","6.1","6.2"],"symfony\/turbo-sms-notifier":["5.4","6.0","6.1","6.2"],"symfony\/twig-bridge":["3.4","4.0","4.1","4.2","4.3","4.4","5.0","5.1","5.2","5.3","5.4","6.0","6.1","6.2"],"symfony\/twig-bundle":["3.4","4.0","4.1","4.2","4.3","4.4","5.0","5.1","5.2","5.3","5.4","6.0","6.1","6.2"],"symfony\/twilio-notifier":["5.0","5.1","5.2","5.3","5.4","6.0","6.1","6.2"],"symfony\/uid":["5.1","5.2","5.3","5.4","6.0","6.1","6.2"],"symfony\/validator":["3.4","4.0","4.1","4.2","4.3","4.4","5.0","5.1","5.2","5.3","5.4","6.0","6.1","6.2"],"symfony\/var-dumper":["3.4","4.0","4.1","4.2","4.3","4.4","5.0","5.1","5.2","5.3","5.4","6.0","6.1","6.2"],"symfony\/var-exporter":["4.2","4.3","4.4","5.0","5.1","5.2","5.3","5.4","6.0","6.1","6.2"],"symfony\/vonage-notifier":["5.4","6.0","6.1","6.2"],"symfony\/web-link":["3.4","4.0","4.1","4.2","4.3","4.4","5.0","5.1","5.2","5.3","5.4","6.0","6.1","6.2"],"symfony\/web-profiler-bundle":["3.4","4.0","4.1","4.2","4.3","4.4","5.0","5.1","5.2","5.3","5.4","6.0","6.1","6.2"],"symfony\/web-server-bundle":["3.4","4.0","4.1","4.2","4.3","4.4"],"symfony\/workflow":["3.4","4.0","4.1","4.2","4.3","4.4","5.0","5.1","5.2","5.3","5.4","6.0","6.1","6.2"],"symfony\/yaml":["3.4","4.0","4.1","4.2","4.3","4.4","5.0","5.1","5.2","5.3","5.4","6.0","6.1","6.2"],"symfony\/yunpian-notifier":["5.4","6.0","6.1","6.2"],"symfony\/zendesk-notifier":["6.2"],"symfony\/zulip-notifier":["5.2","5.3","5.4","6.0","6.1","6.2"]}},"branch":"main","is_contrib":false,"_links":{"repository":"github.com\/symfony\/recipes","origin_template":"{package}:{version}@github.com\/symfony\/recipes:main","recipe_template":"https:\/\/raw.githubusercontent.com\/symfony\/recipes\/flex\/main\/{package_dotted}.{version}.json","recipe_template_relative":"{package_dotted}.{version}.json","archived_recipes_template":"https:\/\/raw.githubusercontent.com\/symfony\/recipes\/flex\/main\/archived\/{package_dotted}\/{ref}.json","archived_recipes_template_relative":"archived\/{package_dotted}\/{ref}.json"}},"headers":{"content-length":["5283"],"source-age":["111"],"expires":["Wed, 14 Sep 2022 00:54:21 GMT"],"x-fastly-request-id":["5710faa8879e88a4bcf509491fa2c23ceaf78ad2"],"access-control-allow-origin":["*"],"vary":["Authorization,Accept-Encoding,Origin"],"x-timer":["S1663116561.469439,VS0,VE0"],"x-cache-hits":["2"],"x-cache":["HIT"],"x-served-by":["cache-iad-kiad7000145-IAD"],"via":["1.1 varnish"],"date":["Wed, 14 Sep 2022 00:49:21 GMT"],"accept-ranges":["bytes"],"content-encoding":["gzip"],"x-github-request-id":["CC0A:1648:3193A8:41C0A1:6320B13F"],"x-xss-protection":["1; mode=block"],"x-frame-options":["deny"],"x-content-type-options":["nosniff"],"strict-transport-security":["max-age=31536000"],"etag":["W\/\"64efecd259b512a5a8600a08d487b2a0ba62f5829a8d1ff7bf7f55f1df2572dd\""],"content-type":["text\/plain; charset=utf-8"],"content-security-policy":["default-src 'none'; style-src 'unsafe-inline'; sandbox"],"cache-control":["max-age=300"]}}