{"body":{"manifests":{"trikoder\/oauth2-bundle":{"manifest":{"bundles":{"Trikoder\\Bundle\\OAuth2Bundle\\TrikoderOAuth2Bundle":["all"]},"copy-from-recipe":{"config\/":"%CONFIG_DIR%\/"},"env":{"#1":"Fallback OAuth2 encryption key","#2":"Please override this with a secure value: https:\/\/oauth2.thephpleague.com\/installation\/#string-password","OAUTH2_ENCRYPTION_KEY":"%generate(secret)%"},"post-install-output":["  1. <bg=magenta;fg=white> Provide a key pair <\/>","    i)   Generate a private\/public key pair (preferably with a password): <comment>https:\/\/oauth2.thephpleague.com\/installation\/#generating-public-and-private-keys<\/>","    ii)  Configure the <info>private_key<\/> and <info>public_key<\/> with the respective key locations","    iii) (Optional) Set the <info>private_key_passphrase<\/> to the private key password set in the previous step","","  2. <bg=magenta;fg=white> Configure the OAuth2 encryption key <\/>","    i)   Add the <info>OAUTH2_ENCRYPTION_KEY<\/> env variable in <info>.env.local<\/> (don't commit your production secrets): <comment>https:\/\/oauth2.thephpleague.com\/installation\/#string-password<\/>","    ii)  Configure the <info>encryption_key<\/> with a secure encryption key: <comment>https:\/\/oauth2.thephpleague.com\/installation\/#string-password<\/>","","  3. <bg=magenta;fg=white> Update the database <\/>","    i)   Update the database so bundle entities can be persisted using Doctrine: <comment>bin\/console doctrine:schema:update --force<\/>","","  4. <bg=magenta;fg=white> Install a PSR 7\/17 implementation <\/>","    i)   Require a PSR 7\/17 implementation. We recommend that you use nyholm\/psr7.","    ii)  (Optional) Choose a different implementation package: <comment>https:\/\/github.com\/trikoder\/oauth2-bundle\/blob\/v2.x\/docs\/psr-implementation-switching.md<\/>","","  5. <bg=magenta;fg=white> Read the docs <\/>","    i)   Read the documentation at <comment>https:\/\/github.com\/trikoder\/oauth2-bundle\/blob\/v2.x\/docs\/basic-setup.md<\/>"]},"files":{"config\/packages\/trikoder_oauth2.yaml":{"contents":["trikoder_oauth2:","","    authorization_server:","        private_key: \/var\/oauth\/private.key                     # Change this","        private_key_passphrase: null                            # Passphrase of the private key, if any","","        encryption_key: '%env(string:OAUTH2_ENCRYPTION_KEY)%'   # (Optional) Change this","","    resource_server:","        public_key: \/var\/oauth\/public.key                       # Change this","","    persistence:","        doctrine: null",""],"executable":false},"config\/routes\/trikoder_oauth2.yaml":{"contents":["oauth2:","    resource: '@TrikoderOAuth2Bundle\/Resources\/config\/routes.xml'",""],"executable":false}},"ref":"d572e3632e6dfcabba3e81da5092b6b1b4f660c1"}}},"headers":{"content-length":["1148"],"source-age":["0"],"expires":["Wed, 14 Sep 2022 00:55:21 GMT"],"x-fastly-request-id":["aa41a68b543c5b6f9f5fba82333a8bdd034674cf"],"access-control-allow-origin":["*"],"vary":["Authorization,Accept-Encoding,Origin"],"x-timer":["S1663116622.681649,VS0,VE69"],"x-cache-hits":["1"],"x-cache":["HIT"],"x-served-by":["cache-iad-kiad7000171-IAD"],"via":["1.1 varnish"],"date":["Wed, 14 Sep 2022 00:50:21 GMT"],"accept-ranges":["bytes"],"content-encoding":["gzip"],"x-github-request-id":["1264:03B5:2073D0:316311:63210B32"],"x-xss-protection":["1; mode=block"],"x-frame-options":["deny"],"x-content-type-options":["nosniff"],"strict-transport-security":["max-age=31536000"],"etag":["W\/\"8d9a4e21077a330bea055a801761a84143552a590743c9a4b3a1e4414416b4e1\""],"content-type":["text\/plain; charset=utf-8"],"content-security-policy":["default-src 'none'; style-src 'unsafe-inline'; sandbox"],"cache-control":["max-age=300"]}}