{"body":{"manifests":{"nyholm\/psr7":{"manifest":{"copy-from-recipe":{"config\/":"%CONFIG_DIR%\/"}},"files":{"config\/packages\/nyholm_psr7.yaml":{"contents":["services:","    # Register nyholm\/psr7 services for autowiring with PSR-17 (HTTP factories)","    Psr\\Http\\Message\\RequestFactoryInterface: '@nyholm.psr7.psr17_factory'","    Psr\\Http\\Message\\ResponseFactoryInterface: '@nyholm.psr7.psr17_factory'","    Psr\\Http\\Message\\ServerRequestFactoryInterface: '@nyholm.psr7.psr17_factory'","    Psr\\Http\\Message\\StreamFactoryInterface: '@nyholm.psr7.psr17_factory'","    Psr\\Http\\Message\\UploadedFileFactoryInterface: '@nyholm.psr7.psr17_factory'","    Psr\\Http\\Message\\UriFactoryInterface: '@nyholm.psr7.psr17_factory'","","    # Register nyholm\/psr7 services for autowiring with HTTPlug factories","    Http\\Message\\MessageFactory: '@nyholm.psr7.httplug_factory'","    Http\\Message\\RequestFactory: '@nyholm.psr7.httplug_factory'","    Http\\Message\\ResponseFactory: '@nyholm.psr7.httplug_factory'","    Http\\Message\\StreamFactory: '@nyholm.psr7.httplug_factory'","    Http\\Message\\UriFactory: '@nyholm.psr7.httplug_factory'","","    nyholm.psr7.psr17_factory:","        class: Nyholm\\Psr7\\Factory\\Psr17Factory","","    nyholm.psr7.httplug_factory:","        class: Nyholm\\Psr7\\Factory\\HttplugFactory",""],"executable":false}},"ref":"0cd4d2d0e7f646fda75f9944f747a56e6ed13d4c"}}},"headers":{"content-length":["475"],"source-age":["0"],"expires":["Wed, 14 Sep 2022 00:55:21 GMT"],"x-fastly-request-id":["12c363dc86b1569f47f5dee530bcdbc47f500177"],"access-control-allow-origin":["*"],"vary":["Authorization,Accept-Encoding,Origin"],"x-timer":["S1663116622.681636,VS0,VE49"],"x-cache-hits":["1"],"x-cache":["HIT"],"x-served-by":["cache-iad-kiad7000171-IAD"],"via":["1.1 varnish"],"date":["Wed, 14 Sep 2022 00:50:21 GMT"],"accept-ranges":["bytes"],"content-encoding":["gzip"],"x-github-request-id":["5B26:6BA4:2159C1:32447D:63210B32"],"x-xss-protection":["1; mode=block"],"x-frame-options":["deny"],"x-content-type-options":["nosniff"],"strict-transport-security":["max-age=31536000"],"etag":["W\/\"b4d90d76d0904327ad9ca55a92c9b7b7f1084ee6a39bee368147a07327e16562\""],"content-type":["text\/plain; charset=utf-8"],"content-security-policy":["default-src 'none'; style-src 'unsafe-inline'; sandbox"],"cache-control":["max-age=300"]}}