{"body":{"manifests":{"google\/apiclient":{"manifest":{"copy-from-recipe":{"config\/":"%CONFIG_DIR%\/"},"env":{"GOOGLE_API_KEY":"","GOOGLE_CLIENT_ID":"","GOOGLE_CLIENT_SECRET":""}},"files":{"config\/packages\/google_apiclient.yaml":{"contents":["services:","    Google_Client:","        class: Google_Client","        calls:","            - [setDeveloperKey, ['%env(GOOGLE_API_KEY)%']]","            - [setClientId, ['%env(GOOGLE_CLIENT_ID)%']]","            - [setClientSecret, ['%env(GOOGLE_CLIENT_SECRET)%']]",""],"executable":false}},"ref":"49c5d7a66d863d28513979bf0666dc77599100c0"}}},"headers":{"content-length":["373"],"source-age":["0"],"expires":["Wed, 14 Sep 2022 00:55:32 GMT"],"x-fastly-request-id":["2bee5dc2dc5410349011f4c0744b303f823258e6"],"access-control-allow-origin":["*"],"vary":["Authorization,Accept-Encoding,Origin"],"x-timer":["S1663116633.579651,VS0,VE50"],"x-cache-hits":["1"],"x-cache":["HIT"],"x-served-by":["cache-iad-kiad7000171-IAD"],"via":["1.1 varnish"],"date":["Wed, 14 Sep 2022 00:50:32 GMT"],"accept-ranges":["bytes"],"content-encoding":["gzip"],"x-github-request-id":["0801:8DB9:11BB4E:1B015B:63210B3D"],"x-xss-protection":["1; mode=block"],"x-frame-options":["deny"],"x-content-type-options":["nosniff"],"strict-transport-security":["max-age=31536000"],"etag":["W\/\"98cbeabfb5b00ad99bb0d592cdc9e726a2623b52aacd94316e6c12447e1d9cb5\""],"content-type":["text\/plain; charset=utf-8"],"content-security-policy":["default-src 'none'; style-src 'unsafe-inline'; sandbox"],"cache-control":["max-age=300"]}}